"Kod";"Nazwa";"zgony z powodu nowotworów ogółem na 100 tys. ludności;2003;[-]";"zgony z powodu nowotworów ogółem na 100 tys. ludności;2004;[-]";"zgony z powodu nowotworów ogółem na 100 tys. ludności;2005;[-]";"zgony z powodu nowotworów ogółem na 100 tys. ludności;2006;[-]";"zgony z powodu nowotworów ogółem na 100 tys. ludności;2007;[-]";"zgony z powodu nowotworów ogółem na 100 tys. ludności;2008;[-]";"zgony z powodu nowotworów ogółem na 100 tys. ludności;2009;[-]";"zgony z powodu nowotworów ogółem na 100 tys. ludności;2010;[-]";"zgony z powodu nowotworów ogółem na 100 tys. ludności;2011;[-]";"zgony z powodu nowotworów ogółem na 100 tys. ludności;2012;[-]";"zgony z powodu nowotworów ogółem na 100 tys. ludności;2013;[-]";"zgony z powodu nowotworów ogółem na 100 tys. ludności;2014;[-]";"zgony z powodu nowotworów ogółem na 100 tys. ludności;2015;[-]";"zgony z powodu nowotworów ogółem na 100 tys. ludności;2016;[-]";"zgony z powodu nowotworów ogółem na 100 tys. ludności;2017;[-]";"zgony z powodu nowotworów ogółem na 100 tys. ludności;2018;[-]";
0000000;"POLSKA";237,3;240,5;242,0;246,3;251,4;250,6;252,0;249,4;249,2;256,3;256,9;260,7;274,3;275,7;278,3;284,5;
0200000;"DOLNOŚLĄSKIE";249,1;251,8;257,1;262,2;270,3;268,9;268,4;256,4;264,0;276,7;268,2;282,5;297,3;300,9;309,3;311,8;
0201000;"Powiat bolesławiecki";224,8;251,6;245,0;232,8;262,9;269,6;245,6;254,2;215,5;248,7;238,0;243,6;276,8;296,0;262,6;280,6;
0202000;"Powiat dzierżoniowski";290,9;267,4;298,1;264,8;272,4;296,3;290,0;300,0;256,7;301,4;299,4;313,6;329,8;326,3;334,1;340,9;
0203000;"Powiat głogowski";189,9;222,7;204,9;218,6;234,7;195,2;217,9;200,5;230,3;242,6;237,0;243,9;242,8;256,5;254,9;270,7;
0204000;"Powiat górowski";260,9;199,3;188,9;222,0;268,7;241,6;266,7;225,2;217,3;264,5;224,8;258,8;310,3;320,8;309,3;274,5;
0205000;"Powiat jaworski";255,2;217,8;216,7;261,5;286,1;225,4;291,6;261,2;275,3;263,1;279,6;277,2;342,8;284,5;331,1;305,3;
0206000;"Powiat jeleniogórski";232,5;273,9;271,1;290,1;234,0;309,2;285,5;282,2;295,0;288,8;299,3;290,5;300,9;305,8;320,5;411,1;
0207000;"Powiat kamiennogórski";211,8;238,1;266,7;217,3;297,6;236,9;251,1;249,4;289,8;321,7;313,8;332,4;321,5;307,1;314,9;310,5;
0208000;"Powiat kłodzki";280,5;270,5;251,1;289,2;303,4;282,3;298,1;303,4;296,6;279,4;279,0;297,9;308,1;316,3;336,4;327,2;
0209000;"Powiat legnicki";240,7;227,2;283,9;255,7;234,8;255,9;238,6;286,3;245,4;262,9;266,2;274,9;245,4;301,2;291,7;315,1;
0210000;"Powiat lubański";245,7;220,7;275,4;260,9;249,9;238,5;274,3;218,8;255,1;220,8;261,3;286,1;297,8;289,0;352,1;332,2;
0211000;"Powiat lubiński";205,9;199,0;214,3;231,1;236,2;241,1;230,3;227,9;225,5;271,2;280,5;260,2;293,2;285,1;278,7;325,6;
0212000;"Powiat lwówecki";251,8;273,4;274,1;255,1;239,8;274,7;214,6;230,8;270,8;282,5;250,7;222,8;271,0;326,6;291,3;311,5;
0213000;"Powiat milicki";249,1;224,5;227,4;189,9;230,9;244,2;227,4;245,3;261,1;221,1;194,9;233,3;287,5;255,6;304,5;323,6;
0214000;"Powiat oleśnicki";212,5;219,2;220,2;235,5;220,9;237,8;233,1;225,4;226,7;231,6;267,9;239,2;258,6;284,2;278,0;286,8;
0215000;"Powiat oławski";187,5;222,3;240,3;212,0;236,7;245,2;234,2;236,6;249,8;233,8;221,8;271,5;253,8;242,8;302,3;260,1;
0216000;"Powiat polkowicki";196,8;216,5;210,1;213,5;229,7;222,5;237,2;260,9;226,9;188,5;210,7;220,0;237,6;274,3;298,1;285,8;
0217000;"Powiat strzeliński";274,1;286,1;258,3;263,9;289,6;283,6;231,9;221,2;295,4;273,5;263,4;279,8;350,7;304,0;311,4;305,2;
0218000;"Powiat średzki";176,4;226,4;280,8;262,0;282,5;219,0;247,7;235,6;241,9;252,0;239,2;213,2;278,5;281,3;303,3;261,3;
0219000;"Powiat świdnicki";254,4;250,1;266,9;280,2;287,8;292,2;274,9;257,8;251,6;309,3;275,2;300,6;303,2;292,6;306,4;322,3;
0220000;"Powiat trzebnicki";257,0;242,4;265,1;267,0;242,3;269,9;273,0;225,9;222,8;240,8;245,3;242,9;250,3;264,4;308,6;280,1;
0221000;"Powiat wałbrzyski";280,8;293,5;288,7;313,8;325,7;322,4;320,8;306,8;307,0;350,8;311,1;319,3;343,9;383,5;341,0;353,7;
0222000;"Powiat wołowski";260,5;248,6;240,6;279,0;264,6;280,1;233,8;229,5;296,8;301,5;256,1;278,0;363,2;280,1;297,8;284,7;
0223000;"Powiat wrocławski";244,6;236,0;238,6;191,7;228,6;237,2;203,4;180,2;195,7;208,8;190,1;199,9;208,8;246,6;236,2;219,2;
0224000;"Powiat ząbkowicki";254,4;262,6;272,8;271,5;271,2;266,5;252,6;268,2;271,3;310,5;299,8;284,0;318,8;319,1;318,6;351,5;
0225000;"Powiat zgorzelecki";271,0;243,7;273,9;273,2;267,6;267,6;249,4;243,3;265,9;305,3;254,9;325,4;345,7;298,1;318,0;329,2;
0226000;"Powiat złotoryjski";236,6;189,8;216,1;275,7;257,1;277,1;301,8;212,3;286,9;274,6;260,8;249,5;299,4;270,0;291,4;254,7;
0261000;"Powiat m.Jelenia Góra";259,0;289,5;290,3;337,6;301,3;275,1;329,0;319,1;324,7;339,4;299,9;325,8;337,5;359,8;388,4;370,2;
0262000;"Powiat m.Legnica";229,5;246,5;270,9;265,7;276,2;303,3;277,3;298,4;280,1;283,3;273,4;319,4;279,8;301,7;313,6;341,7;
0264000;"Powiat m.Wrocław";265,4;270,8;263,6;268,5;283,0;275,5;286,4;257,5;278,5;281,6;276,9;299,6;303,7;303,3;305,8;316,5;
0265000;"Powiat m.Wałbrzych od 2013";;;;;;;;;;;340,8;353,0;379,9;411,6;415,6;360,7;
0400000;"KUJAWSKO-POMORSKIE";246,6;253,1;254,9;259,9;271,2;262,6;277,5;278,8;261,7;274,3;266,7;275,9;270,7;292,2;299,3;309,6;
0401000;"Powiat aleksandrowski";221,4;255,6;284,7;232,7;281,1;261,1;302,4;314,0;275,5;283,4;266,3;329,6;285,8;344,3;311,3;389,4;
0402000;"Powiat brodnicki";263,1;240,8;261,7;244,5;239,2;254,4;274,6;277,6;246,0;231,3;214,1;240,4;225,7;266,5;255,2;295,5;
0403000;"Powiat bydgoski";206,1;223,6;203,9;215,2;220,4;227,6;221,9;216,9;228,5;205,4;210,9;223,1;207,6;224,3;273,5;260,7;
0404000;"Powiat chełmiński";195,8;249,8;253,8;262,0;283,3;271,4;259,2;269,2;256,1;265,3;252,5;258,6;253,6;275,1;289,2;285,3;
0405000;"Powiat golubsko-dobrzyński";191,4;239,5;239,3;235,4;213,2;241,9;281,0;291,2;257,8;292,9;244,3;257,6;266,5;240,7;282,8;345,0;
0406000;"Powiat grudziądzki";235,3;194,0;275,3;252,0;238,7;212,7;262,3;239,6;273,6;226,5;236,4;259,0;283,4;280,3;248,0;270,4;
0407000;"Powiat inowrocławski";260,6;275,8;256,0;256,4;255,3;282,7;289,8;272,9;258,0;262,4;251,7;307,3;254,9;321,3;323,3;334,7;
0408000;"Powiat lipnowski";216,8;199,1;230,6;248,9;195,4;251,0;273,3;239,4;261,8;260,9;230,2;241,4;255,6;291,0;281,5;289,5;
0409000;"Powiat mogileński";255,0;228,0;243,2;260,8;282,6;238,1;255,0;235,7;248,8;230,2;271,9;275,5;243,9;236,0;297,0;252,6;
0410000;"Powiat nakielski";190,0;202,5;235,9;220,4;220,1;266,2;216,7;245,4;224,4;249,4;242,1;248,5;248,7;250,0;263,0;262,0;
0411000;"Powiat radziejowski";265,1;269,0;207,1;317,2;338,2;228,6;274,3;331,3;281,1;275,4;277,5;262,5;253,7;312,8;321,6;311,5;
0412000;"Powiat rypiński";265,1;250,0;299,7;258,3;272,3;290,8;284,2;277,7;258,4;274,2;279,6;255,2;312,5;284,8;314,6;346,6;
0413000;"Powiat sępoleński";212,4;171,4;212,3;193,1;262,6;231,4;252,7;206,1;208,6;235,0;254,4;240,3;257,9;282,3;186,2;240,0;
0414000;"Powiat świecki";254,3;213,6;209,6;262,0;274,1;215,5;262,7;244,6;236,2;249,1;243,1;270,7;243,7;293,9;276,2;259,7;
0415000;"Powiat toruński";216,2;230,7;218,3;262,2;236,7;234,4;221,9;259,0;214,4;202,5;213,0;212,6;238,6;235,8;256,1;250,7;
0416000;"Powiat tucholski";254,8;224,7;188,6;207,7;239,0;242,3;230,8;269,9;245,2;211,4;250,8;287,8;188,1;268,7;245,5;256,1;
0417000;"Powiat wąbrzeski";220,3;245,0;234,2;292,1;287,0;278,7;281,1;300,3;226,8;221,2;250,4;269,0;221,4;241,2;294,5;240,7;
0418000;"Powiat włocławski";246,1;255,3;283,3;257,1;245,9;262,7;281,4;280,5;236,1;289,9;244,8;277,5;255,1;273,6;261,2;282,2;
0419000;"Powiat żniński";245,4;259,6;264,1;253,0;263,2;230,3;259,7;229,6;245,1;279,2;255,6;274,2;256,1;262,2;312,2;323,8;
0461000;"Powiat m.Bydgoszcz";277,0;301,0;293,5;287,8;321,6;300,7;317,4;317,9;303,1;327,6;312,0;298,1;322,7;332,1;336,9;351,9;
0462000;"Powiat m.Grudziądz";282,7;304,1;269,7;300,3;307,8;293,0;306,7;317,9;287,9;329,8;338,7;316,1;313,8;336,1;331,0;376,5;
0463000;"Powiat m.Toruń";269,0;250,8;259,0;259,4;280,3;257,8;284,6;292,5;268,7;303,2;284,9;289,0;284,3;305,5;317,0;314,1;
0464000;"Powiat m.Włocławek";216,2;248,4;256,0;267,4;289,3;268,5;300,0;304,3;292,2;298,3;303,8;298,9;315,6;321,4;343,4;347,6;
0600000;"LUBELSKIE";220,1;223,6;221,4;223,1;231,8;238,4;238,4;224,4;226,5;228,3;237,7;238,2;253,5;249,6;258,2;256,9;
0601000;"Powiat bialski";231,4;247,7;233,0;239,1;218,3;213,6;259,7;220,2;251,3;202,8;244,5;215,8;237,1;243,0;252,3;276,0;
0602000;"Powiat biłgorajski";202,0;196,6;217,1;230,0;206,8;210,1;209,6;184,3;223,4;197,9;222,7;221,1;225,8;218,9;235,2;252,5;
0603000;"Powiat chełmski";253,2;222,5;245,1;228,5;264,6;258,2;290,3;228,2;257,7;246,1;247,3;227,9;249,5;258,7;269,2;251,2;
0604000;"Powiat hrubieszowski";241,4;228,3;249,8;219,1;269,9;284,1;248,1;224,2;230,6;257,8;300,5;251,5;269,0;285,2;305,4;274,5;
0605000;"Powiat janowski";211,8;226,5;278,8;193,5;208,5;247,1;227,0;182,7;225,8;220,6;266,3;233,2;264,1;211,8;200,4;216,7;
0606000;"Powiat krasnostawski";222,7;261,9;251,0;242,1;258,6;237,2;272,1;260,0;220,4;224,9;271,8;235,4;286,3;248,7;273,8;262,1;
0607000;"Powiat kraśnicki";229,2;247,8;214,8;227,7;245,6;253,7;251,4;218,8;241,5;244,5;235,7;254,8;275,0;261,2;258,4;255,6;
0608000;"Powiat lubartowski";235,4;219,6;228,7;244,8;246,5;285,5;238,9;226,0;244,3;254,5;277,8;261,7;275,9;246,3;275,9;227,4;
0609000;"Powiat lubelski";233,8;215,7;197,6;204,6;209,1;208,8;190,2;170,2;191,9;207,5;210,0;204,9;208,9;204,4;187,9;194,3;
0610000;"Powiat łęczyński";193,2;196,4;185,5;152,9;189,5;188,2;210,9;152,4;168,2;171,6;177,0;192,8;191,3;160,4;237,1;209,0;
0611000;"Powiat łukowski";197,5;156,2;171,1;208,1;215,2;194,5;206,6;208,4;186,4;212,3;184,7;186,1;216,2;227,9;218,3;215,5;
0612000;"Powiat opolski";234,7;239,3;208,0;201,3;230,7;241,2;239,0;196,6;237,3;211,5;206,5;256,3;279,1;248,5;248,3;273,5;
0613000;"Powiat parczewski";274,0;212,4;248,9;242,0;251,7;299,9;271,4;229,8;225,3;215,3;272,1;222,7;237,9;318,3;297,5;280,0;
0614000;"Powiat puławski";227,5;240,9;240,8;231,0;254,1;257,4;255,5;275,8;247,6;254,3;269,4;277,5;305,7;294,3;276,0;294,1;
0615000;"Powiat radzyński";221,8;227,4;193,2;237,2;223,8;231,2;210,9;222,2;237,8;186,5;206,8;262,0;254,7;236,2;240,8;233,8;
0616000;"Powiat rycki";188,5;224,5;211,4;218,8;220,7;267,6;233,2;220,0;233,7;226,9;244,4;265,9;246,8;258,6;265,8;313,2;
0617000;"Powiat świdnicki";236,8;261,8;234,5;221,9;235,4;231,2;213,6;261,3;226,2;234,9;202,9;233,4;245,0;264,8;216,6;259,1;
0618000;"Powiat tomaszowski";240,3;248,1;250,8;227,1;251,2;226,7;231,2;258,6;254,9;231,4;275,4;259,7;269,6;235,5;288,0;249,9;
0619000;"Powiat włodawski";181,5;211,3;136,7;219,0;232,8;269,4;230,3;258,3;224,8;258,6;288,0;238,0;277,0;232,5;256,4;278,7;
0620000;"Powiat zamojski";244,8;262,5;271,3;254,4;253,3;277,4;296,2;260,4;224,0;256,5;271,8;280,0;261,9;270,3;292,6;283,6;
0661000;"Powiat m.Biała Podlaska";211,7;151,3;193,5;185,1;175,0;191,0;191,1;187,9;172,3;191,3;190,0;192,6;182,6;203,9;209,3;217,4;
0662000;"Powiat m.Chełm";162,4;229,3;197,0;186,2;198,8;198,0;214,3;241,2;221,5;231,6;262,1;250,0;277,0;267,4;284,9;249,1;
0663000;"Powiat m.Lublin";209,5;216,5;225,2;234,1;246,3;252,9;250,8;239,1;237,8;245,0;225,4;245,7;261,9;274,1;291,3;281,6;
0664000;"Powiat m.Zamość";196,5;211,6;182,7;219,5;185,5;196,8;237,7;206,7;197,2;220,7;232,1;225,6;283,2;257,9;255,9;287,1;
0800000;"LUBUSKIE";225,3;229,1;236,5;230,9;241,3;245,5;238,9;239,9;247,0;251,5;250,8;250,6;257,4;269,0;278,4;277,2;
0801000;"Powiat gorzowski";227,0;240,1;228,5;181,0;252,2;229,3;217,8;232,3;243,4;196,5;193,8;205,7;197,5;252,1;230,0;240,8;
0802000;"Powiat krośnieński";204,1;220,7;233,6;224,5;190,1;251,9;262,7;262,2;275,2;271,0;236,8;251,5;270,8;222,0;264,3;258,2;
0803000;"Powiat międzyrzecki";166,0;200,3;239,6;231,1;224,9;249,1;213,4;210,2;242,8;274,0;233,3;264,5;242,4;238,1;250,2;261,6;
0804000;"Powiat nowosolski";243,2;258,2;219,5;195,7;240,2;272,4;289,4;238,1;283,9;268,2;271,0;272,7;278,0;283,2;271,5;283,6;
0805000;"Powiat słubicki";193,0;188,6;225,1;264,1;251,0;242,1;226,3;189,4;258,8;254,7;266,3;258,1;262,2;275,1;242,3;244,5;
0806000;"Powiat strzelecko-drezdenecki";261,5;247,9;282,7;219,0;306,3;263,4;253,6;244,3;222,9;260,4;243,3;288,5;257,5;354,5;287,3;250,4;
0807000;"Powiat sulęciński";256,2;265,0;223,6;308,4;215,8;218,2;243,5;265,6;308,6;264,8;243,4;251,9;271,7;259,5;294,0;286,3;
0808000;"Powiat świebodziński";245,1;218,8;242,7;210,8;209,0;236,1;275,2;239,4;211,3;255,4;266,8;223,1;276,7;213,4;227,9;294,8;
0809000;"Powiat zielonogórski";210,1;194,2;222,1;225,8;227,7;212,6;184,6;220,3;204,3;234,0;234,4;230,5;269,6;264,3;295,9;240,8;
0810000;"Powiat żagański";239,2;257,5;259,2;219,3;284,0;236,0;227,9;254,1;249,2;254,0;270,9;279,3;267,3;295,7;316,0;313,2;
0811000;"Powiat żarski";221,7;242,4;221,9;248,3;212,5;258,1;226,3;253,9;250,4;223,9;253,2;262,0;272,4;274,7;296,3;309,9;
0812000;"Powiat wschowski";257,8;208,1;261,1;220,1;258,5;194,3;239,9;216,1;271,7;238,6;251,0;249,0;251,9;226,6;244,7;260,6;
0861000;"Powiat m.Gorzów Wielkopolski";233,7;231,8;229,8;230,3;249,4;242,5;242,4;226,3;240,8;242,6;259,6;239,8;215,9;290,5;297,7;305,2;
0862000;"Powiat m.Zielona Góra";214,5;220,4;245,2;268,5;251,2;278,7;251,5;276,1;241,8;288,6;264,6;246,0;278,2;268,5;298,8;273,4;
1000000;"ŁÓDZKIE";274,3;269,2;269,9;269,7;274,3;274,9;280,2;281,7;282,2;283,8;289,8;291,5;314,0;305,8;309,2;316,3;
1001000;"Powiat bełchatowski";197,1;191,7;199,6;216,9;201,8;196,4;219,0;216,8;192,9;220,3;249,2;222,7;272,3;225,1;255,9;253,1;
1002000;"Powiat kutnowski";282,7;282,7;305,7;293,3;315,8;315,2;309,9;306,2;339,9;299,8;335,6;307,4;295,1;304,6;306,3;318,5;
1003000;"Powiat łaski";248,7;261,0;291,4;219,8;279,1;229,9;243,7;241,6;328,6;254,5;257,1;264,5;342,7;290,7;282,6;286,9;
1004000;"Powiat łęczycki";293,2;308,1;297,5;249,5;307,0;296,0;324,2;331,8;259,4;333,8;353,3;305,0;353,9;304,6;332,0;353,7;
1005000;"Powiat łowicki";259,0;291,3;267,3;250,3;250,0;301,3;270,5;259,3;244,1;299,7;285,9;289,5;283,5;326,1;304,6;295,9;
1006000;"Powiat łódzki wschodni";242,8;234,1;254,1;232,3;255,3;249,5;219,4;286,5;243,1;240,6;248,8;265,7;220,6;257,7;275,0;289,7;
1007000;"Powiat opoczyński";162,3;223,6;222,0;219,1;198,3;212,5;224,0;219,2;213,6;204,1;215,3;216,9;247,4;218,6;236,3;280,2;
1008000;"Powiat pabianicki";292,5;271,5;266,9;259,9;251,4;287,5;273,7;274,3;283,5;293,3;276,6;301,0;289,6;275,4;313,7;321,0;
1009000;"Powiat pajęczański";289,6;239,8;268,6;253,0;257,5;291,9;266,6;278,4;294,5;261,7;275,8;263,4;293,4;308,2;277,6;288,1;
1010000;"Powiat piotrkowski";268,7;239,6;227,9;241,9;220,9;210,7;239,4;264,0;237,3;228,5;222,0;239,2;269,3;239,9;236,8;253,3;
1011000;"Powiat poddębicki";260,2;199,0;274,5;299,8;332,4;300,7;294,7;267,2;301,3;266,9;261,0;248,6;295,0;288,8;260,7;278,7;
1012000;"Powiat radomszczański";244,2;236,7;254,1;234,6;255,5;251,5;280,2;266,7;252,0;258,8;248,9;285,2;293,6;294,7;308,9;277,4;
1013000;"Powiat rawski";255,3;226,2;248,7;221,0;231,3;232,2;234,4;264,3;186,7;281,8;278,6;264,7;261,4;258,3;279,5;272,0;
1014000;"Powiat sieradzki";256,8;261,6;252,7;236,4;252,0;279,1;264,0;272,4;254,2;282,3;295,7;284,5;264,6;272,3;335,1;281,1;
1015000;"Powiat skierniewicki";275,0;309,7;212,0;291,8;300,0;247,1;262,7;271,7;287,7;285,0;320,9;266,7;269,6;280,4;227,7;280,2;
1016000;"Powiat tomaszowski";246,0;249,8;250,6;260,3;263,5;257,5;241,5;249,2;260,1;262,8;280,2;271,1;309,3;276,2;274,6;317,4;
1017000;"Powiat wieluński";240,4;243,6;231,5;282,5;242,7;265,8;269,8;281,8;243,0;293,5;276,3;308,2;318,1;295,4;292,1;269,4;
1018000;"Powiat wieruszowski";244,9;217,2;241,1;225,1;265,7;223,7;193,4;230,7;231,1;182,0;180,0;236,8;275,3;268,0;267,7;267,4;
1019000;"Powiat zduńskowolski";234,2;254,8;262,4;280,5;265,8;245,6;225,2;250,8;277,1;214,4;288,4;277,1;301,6;321,1;296,5;319,8;
1020000;"Powiat zgierski";263,2;272,5;274,9;260,8;279,6;250,5;269,6;277,9;267,1;285,6;272,7;288,6;302,3;312,4;297,5;308,5;
1021000;"Powiat brzeziński";276,4;191,9;260,3;231,3;224,5;240,9;296,4;216,7;242,1;284,1;255,2;232,9;297,5;326,5;291,4;265,9;
1061000;"Powiat m.Łódź";329,1;317,5;310,2;318,2;319,1;321,7;333,2;317,8;337,0;329,1;335,1;341,5;374,2;359,7;364,2;372,3;
1062000;"Powiat m.Piotrków Trybunalski";229,4;216,9;206,5;225,4;235,6;240,3;270,3;322,7;281,7;295,8;263,8;281,3;334,4;325,7;322,3;356,7;
1063000;"Powiat m.Skierniewice";237,7;237,3;247,2;247,4;235,2;231,1;237,2;265,6;285,7;248,6;306,8;238,2;313,0;333,3;254,7;310,6;
1200000;"MAŁOPOLSKIE";223,6;223,9;225,5;233,1;229,5;233,6;231,3;232,1;230,6;236,1;235,9;240,8;261,6;255,3;249,8;256,9;
1201000;"Powiat bocheński";177,8;193,8;218,2;217,7;207,6;171,3;212,8;170,0;185,5;198,9;222,8;239,3;228,0;223,5;213,4;210,8;
1202000;"Powiat brzeski";206,3;181,4;197,6;177,3;195,7;155,8;203,1;204,2;211,3;214,1;188,8;209,9;243,1;268,9;226,8;208,3;
1203000;"Powiat chrzanowski";234,0;264,6;235,7;232,3;257,6;274,6;255,2;291,8;262,7;285,0;286,6;280,8;302,4;310,6;286,9;290,2;
1204000;"Powiat dąbrowski";223,6;211,9;206,7;212,0;218,9;218,9;232,0;236,9;228,6;240,6;247,2;289,2;297,7;281,6;242,7;274,9;
1205000;"Powiat gorlicki";181,0;204,1;174,3;204,1;183,6;193,6;202,4;172,3;183,2;192,2;219,8;213,4;234,6;229,2;250,5;239,4;
1206000;"Powiat krakowski";246,5;239,0;247,9;237,8;248,8;233,3;234,6;241,6;230,7;218,8;231,1;218,0;256,1;240,9;235,0;236,6;
1207000;"Powiat limanowski";187,7;183,4;204,0;196,6;191,7;213,4;190,4;197,1;198,3;214,5;204,2;213,5;223,5;214,7;216,9;232,4;
1208000;"Powiat miechowski";287,6;356,4;278,6;274,0;302,1;291,6;336,6;264,6;299,4;282,9;257,8;294,7;326,1;337,2;376,5;390,1;
1209000;"Powiat myślenicki";167,0;197,0;166,5;188,6;201,1;210,4;193,8;196,4;183,6;197,6;200,6;202,7;231,7;237,8;230,2;212,3;
1210000;"Powiat nowosądecki";191,1;158,9;172,0;167,7;172,5;196,1;182,5;180,4;181,2;174,9;184,8;185,9;189,9;208,5;177,3;202,8;
1211000;"Powiat nowotarski";180,1;168,9;169,4;200,6;177,9;183,6;180,8;194,1;190,7;205,3;201,6;195,4;215,9;223,0;188,5;191,7;
1212000;"Powiat olkuski";229,7;233,5;229,6;253,7;243,8;225,8;231,2;256,6;259,6;232,2;253,9;271,4;303,4;301,8;275,1;310,3;
1213000;"Powiat oświęcimski";237,6;235,7;240,2;261,8;251,5;249,5;227,7;241,9;259,9;283,2;278,0;283,4;301,0;272,8;279,9;310,3;
1214000;"Powiat proszowicki";262,6;244,8;314,1;243,6;245,7;248,1;291,5;318,3;293,3;279,7;327,7;292,0;330,7;270,0;273,0;245,3;
1215000;"Powiat suski";214,2;221,2;207,2;234,8;245,3;239,9;239,1;239,9;211,1;240,4;245,3;241,4;266,3;243,6;240,8;279,1;
1216000;"Powiat tarnowski";193,9;176,4;194,3;205,1;198,3;208,0;198,2;199,8;218,7;202,4;199,8;211,1;238,8;213,8;215,5;222,4;
1217000;"Powiat tatrzański";203,0;238,3;267,1;253,5;241,4;235,3;207,2;223,2;228,2;236,5;206,4;225,5;230,0;210,5;214,9;224,7;
1218000;"Powiat wadowicki";201,2;216,3;219,0;230,2;218,7;223,3;241,0;221,8;228,8;229,7;228,6;221,9;263,0;243,1;260,4;273,9;
1219000;"Powiat wielicki";226,0;227,1;220,0;204,3;241,2;218,4;206,1;226,3;220,3;212,8;201,5;212,8;229,4;227,0;234,4;249,0;
1261000;"Powiat m.Kraków";265,6;268,8;271,2;281,7;266,1;281,5;276,9;270,5;261,9;278,2;267,7;276,5;298,2;287,5;291,0;295,3;
1262000;"Powiat m.Nowy Sącz";199,0;182,6;197,9;221,6;196,0;233,9;217,3;219,1;241,9;244,5;253,6;242,0;252,9;280,3;272,8;218,0;
1263000;"Powiat m.Tarnów";251,1;229,8;219,2;250,6;248,2;256,1;244,8;253,3;249,5;246,5;250,7;273,6;266,8;276,3;264,0;290,8;
1400000;"MAZOWIECKIE";254,1;253,1;252,7;254,9;258,4;258,0;250,8;251,0;250,8;252,3;255,9;262,0;275,0;275,4;277,3;278,2;
1401000;"Powiat białobrzeski";268,7;198,2;186,7;204,2;201,5;225,3;212,8;194,4;241,9;213,0;225,6;267,3;268,4;265,3;253,4;247,5;
1402000;"Powiat ciechanowski";239,9;258,6;273,4;255,8;276,7;251,1;249,2;273,1;271,0;267,3;255,8;280,8;257,4;287,0;299,6;267,3;
1403000;"Powiat garwoliński";188,2;188,1;197,5;180,8;185,4;181,4;212,8;216,8;202,8;224,9;204,5;214,6;197,9;231,7;225,8;222,0;
1404000;"Powiat gostyniński";268,3;258,7;250,9;241,3;258,9;297,7;270,5;254,4;285,2;286,7;272,9;325,8;284,2;333,6;349,4;306,8;
1405000;"Powiat grodziski";260,8;300,4;287,7;300,0;268,9;290,6;283,7;244,3;245,6;256,6;224,8;228,9;272,8;259,6;272,3;294,4;
1406000;"Powiat grójecki";248,0;269,7;252,3;243,0;259,5;246,9;228,9;226,5;278,9;261,9;241,2;244,2;255,5;251,6;267,9;289,9;
1407000;"Powiat kozienicki";214,5;227,8;215,9;223,3;209,7;276,5;230,2;215,2;225,4;272,6;217,2;255,4;268,5;279,7;244,8;284,1;
1408000;"Powiat legionowski";206,1;217,4;226,8;215,9;228,6;224,2;216,9;186,1;214,0;208,5;213,4;223,0;238,6;228,4;247,0;249,0;
1409000;"Powiat lipski";298,7;276,1;238,9;254,1;226,8;250,1;248,7;245,7;231,3;229,8;229,7;304,9;290,4;272,3;282,7;230,3;
1410000;"Powiat łosicki";252,3;314,4;237,6;232,8;265,3;300,3;243,6;271,4;242,3;240,6;283,0;262,1;247,7;259,3;295,7;282,2;
1411000;"Powiat makowski";290,5;245,3;195,3;281,1;248,0;234,0;290,5;263,9;233,5;277,3;252,6;271,3;304,9;244,3;284,7;275,6;
1412000;"Powiat miński";214,5;235,8;239,1;240,9;241,6;232,0;233,7;232,6;242,6;220,1;248,3;221,3;233,6;259,5;250,4;254,2;
1413000;"Powiat mławski";288,0;274,4;272,7;279,2;289,4;292,9;297,6;240,1;251,3;260,2;288,4;270,6;279,5;308,0;304,7;318,4;
1414000;"Powiat nowodworski";260,7;279,0;274,0;263,0;310,1;273,5;242,6;255,1;223,4;258,4;219,5;243,0;273,0;262,5;289,4;317,9;
1415000;"Powiat ostrołęcki";216,6;234,0;183,5;233,5;217,3;220,0;216,8;221,9;198,8;180,1;186,6;226,7;216,1;196,6;215,0;218,7;
1416000;"Powiat ostrowski";253,2;227,2;223,0;229,1;249,7;198,7;204,5;224,0;231,6;249,8;208,4;217,6;237,5;248,1;269,7;234,1;
1417000;"Powiat otwocki";261,5;212,6;259,5;224,5;228,8;244,9;240,8;253,9;252,5;220,4;236,5;252,7;266,5;262,8;268,6;294,7;
1418000;"Powiat piaseczyński";234,2;206,5;211,0;207,4;216,4;225,2;200,8;206,6;182,4;209,5;209,4;211,1;209,0;224,2;221,9;228,3;
1419000;"Powiat płocki";252,6;281,1;251,6;245,1;265,8;269,6;267,4;269,4;265,9;274,9;270,3;282,7;284,3;264,6;264,5;279,9;
1420000;"Powiat płoński";227,7;250,9;274,4;246,8;259,5;271,5;229,4;267,0;273,4;284,0;267,7;244,9;258,0;319,1;305,3;276,5;
1421000;"Powiat pruszkowski";243,8;234,2;237,9;249,0;267,8;256,3;251,4;263,1;247,0;239,3;233,4;255,1;249,6;262,8;264,6;284,8;
1422000;"Powiat przasnyski";292,0;252,4;231,0;211,5;300,5;261,8;260,6;256,1;244,0;211,5;240,5;243,2;228,8;286,6;243,7;257,8;
1423000;"Powiat przysuski";229,0;192,6;209,3;199,3;200,7;215,7;239,6;270,7;227,0;267,5;246,1;277,6;264,4;252,4;257,5;281,1;
1424000;"Powiat pułtuski";309,1;303,4;270,4;268,8;259,1;267,0;257,4;271,3;212,4;233,7;264,9;289,8;310,8;296,6;293,6;289,2;
1425000;"Powiat radomski";208,5;205,4;183,7;204,8;211,0;213,5;184,8;186,8;201,0;184,9;214,9;208,4;218,1;227,1;239,2;198,1;
1426000;"Powiat siedlecki";210,7;212,1;213,6;232,0;242,3;213,5;239,2;209,4;200,4;218,5;243,2;260,8;223,1;234,5;252,5;272,8;
1427000;"Powiat sierpecki";256,3;209,9;260,1;265,2;304,9;283,5;293,8;279,4;243,3;296,4;267,8;244,3;295,8;301,3;296,8;311,3;
1428000;"Powiat sochaczewski";248,2;218,3;227,9;243,9;261,5;274,1;233,0;263,2;287,9;261,9;230,0;262,0;264,3;267,7;249,0;251,3;
1429000;"Powiat sokołowski";242,7;256,4;258,2;262,2;251,2;252,7;257,5;291,9;262,3;276,4;292,8;239,6;287,7;254,7;274,6;286,7;
1430000;"Powiat szydłowiecki";212,6;234,0;207,2;185,5;220,6;221,0;194,1;227,4;225,6;245,6;204,7;220,6;278,5;239,0;222,7;276,2;
1432000;"Powiat warszawski zachodni";237,2;245,0;206,7;246,7;224,8;220,6;212,0;206,2;222,3;221,3;222,1;243,8;246,4;261,2;280,7;270,3;
1433000;"Powiat węgrowski";214,8;201,2;254,8;232,4;224,6;243,3;226,3;242,7;242,0;256,2;248,2;278,6;286,1;281,0;283,9;276,0;
1434000;"Powiat wołomiński";203,9;227,7;215,0;199,4;217,4;229,8;203,0;217,3;207,3;211,4;184,8;222,8;247,7;233,4;258,6;243,0;
1435000;"Powiat wyszkowski";236,9;185,0;190,2;215,3;203,8;183,9;208,2;216,3;203,6;178,9;197,9;232,7;257,1;216,3;272,9;258,1;
1436000;"Powiat zwoleński";217,7;231,7;270,0;289,2;234,4;216,6;265,5;205,9;276,3;240,0;254,3;265,6;268,9;277,9;253,8;238,6;
1437000;"Powiat żuromiński";297,3;250,1;324,7;296,8;309,9;294,0;218,1;258,0;254,0;295,3;278,9;260,7;274,4;330,7;350,1;347,7;
1438000;"Powiat żyrardowski";241,9;291,8;328,3;299,8;268,4;305,0;291,9;273,6;302,0;264,9;255,1;299,7;314,1;324,8;345,9;313,3;
1461000;"Powiat m.Ostrołęka";180,6;153,0;164,9;180,5;212,4;193,1;180,7;178,8;184,9;187,4;205,2;198,9;192,2;240,4;223,7;226,8;
1462000;"Powiat m.Płock";234,5;237,2;218,6;247,5;293,5;281,1;268,0;274,7;280,3;296,7;286,4;295,3;286,3;347,4;334,6;347,2;
1463000;"Powiat m.Radom";225,3;220,3;232,5;225,6;236,3;236,8;237,5;241,1;261,9;269,0;262,1;257,5;271,0;284,3;276,6;296,4;
1464000;"Powiat m.Siedlce";186,2;183,2;178,9;188,1;222,3;177,4;188,9;208,5;185,9;207,9;243,3;235,0;260,8;279,0;250,1;235,4;
1465000;"Powiat m. st. Warszawa";293,2;293,1;294,1;297,6;288,8;290,5;285,6;281,5;280,7;279,1;297,5;293,2;316,4;301,0;296,8;297,9;
1600000;"OPOLSKIE";227,6;227,7;236,7;234,7;237,6;237,9;241,6;241,1;251,0;264,3;263,9;263,0;254,2;210,6;261,5;284,3;
1601000;"Powiat brzeski";226,0;232,6;233,7;234,2;236,7;225,2;251,8;240,6;224,9;282,5;246,6;272,4;254,1;239,4;276,0;268,9;
1602000;"Powiat głubczycki";228,7;268,6;248,4;283,8;279,8;305,5;270,8;250,6;239,9;285,0;243,3;287,1;250,9;214,2;255,4;300,1;
1603000;"Powiat kędzierzyńsko-kozielski";226,3;235,3;217,3;240,1;221,7;240,0;289,3;257,2;268,7;249,8;282,0;312,6;239,6;222,1;262,6;292,1;
1604000;"Powiat kluczborski";245,6;243,5;233,7;250,6;227,9;225,1;219,4;243,2;266,0;239,4;230,3;247,4;258,7;245,1;280,5;307,9;
1605000;"Powiat krapkowicki";192,0;186,1;222,4;182,4;188,0;219,5;173,6;199,8;230,8;249,9;242,4;240,0;253,4;200,1;262,9;288,6;
1606000;"Powiat namysłowski";246,1;229,0;265,6;261,9;303,7;211,2;249,8;270,4;294,3;278,6;286,7;296,7;257,4;243,8;295,3;302,4;
1607000;"Powiat nyski";267,7;236,3;268,2;250,5;257,3;250,4;269,2;271,7;283,6;269,2;302,7;273,2;270,2;202,8;266,1;325,4;
1608000;"Powiat oleski";218,2;212,6;234,2;205,1;252,1;252,0;240,9;212,1;243,2;237,7;251,3;270,1;240,0;214,8;305,1;237,7;
1609000;"Powiat opolski";212,5;195,0;201,4;207,7;220,0;211,1;204,9;221,9;231,3;246,1;227,4;235,7;242,3;168,9;225,5;245,5;
1610000;"Powiat prudnicki";238,7;240,5;256,7;266,9;255,7;260,9;230,2;241,3;259,6;264,8;273,9;252,3;296,1;230,2;270,6;257,1;
1611000;"Powiat strzelecki";187,1;222,8;220,7;196,8;210,6;184,4;200,6;225,5;214,5;240,2;248,0;210,7;228,6;172,6;230,6;252,8;
1661000;"Powiat m.Opole";227,2;244,8;252,2;256,5;239,9;275,7;269,9;246,2;254,6;313,6;299,3;268,3;262,8;220,3;252,8;310,4;
1800000;"PODKARPACKIE";196,6;190,6;196,2;200,6;203,6;204,9;210,8;199,5;197,5;203,4;201,9;200,3;214,7;231,8;227,9;235,7;
1801000;"Powiat bieszczadzki";141,0;229,2;233,6;168,0;230,3;191,8;196,2;226,7;209,4;192,1;166,7;193,9;226,0;272,3;250,9;219,5;
1802000;"Powiat brzozowski";198,3;210,4;225,6;200,3;235,5;221,7;210,7;228,5;201,4;216,5;215,4;190,1;190,6;215,1;225,9;270,4;
1803000;"Powiat dębicki";181,5;162,6;190,8;208,9;203,6;213,0;199,0;203,4;195,6;171,7;201,1;184,3;191,8;241,8;219,4;220,8;
1804000;"Powiat jarosławski";199,3;187,3;202,2;214,1;185,0;214,8;185,1;176,3;192,2;195,8;184,1;196,7;208,8;228,2;237,7;254,8;
1805000;"Powiat jasielski";220,0;200,5;209,9;198,2;210,6;232,5;216,9;208,9;178,0;214,3;215,6;196,9;236,6;235,7;242,4;243,0;
1806000;"Powiat kolbuszowski";158,6;155,2;139,0;192,4;155,1;172,9;159,7;170,2;165,5;194,3;153,0;153,1;187,0;205,1;201,8;186,0;
1807000;"Powiat krośnieński";209,9;226,0;196,0;214,8;208,1;197,5;219,4;206,2;215,7;234,3;202,0;209,0;205,5;238,2;238,5;247,2;
1808000;"Powiat leżajski";200,0;191,6;155,7;174,6;191,9;209,6;202,3;182,1;198,1;193,7;208,8;174,4;241,0;199,7;191,1;237,1;
1809000;"Powiat lubaczowski";184,9;190,3;213,2;227,6;197,4;222,4;214,4;188,1;230,3;196,5;217,1;224,7;264,7;212,9;218,7;236,3;
1810000;"Powiat łańcucki";200,9;218,5;210,7;220,8;184,5;186,7;189,8;190,6;216,5;227,0;208,3;223,8;238,5;268,0;265,7;239,0;
1811000;"Powiat mielecki";202,7;189,2;188,3;222,8;198,8;190,4;223,4;213,2;178,6;194,5;209,2;190,7;205,6;239,2;226,6;231,2;
1812000;"Powiat niżański";156,9;171,7;174,8;191,1;195,6;191,2;180,8;165,0;174,1;187,8;173,2;169,2;202,3;234,1;212,4;209,6;
1813000;"Powiat przemyski";214,0;209,6;198,3;196,8;186,8;191,7;217,8;176,8;175,0;197,7;193,0;164,4;197,2;215,6;199,0;213,6;
1814000;"Powiat przeworski";201,6;171,7;220,7;179,6;241,2;191,2;228,9;200,1;224,1;210,4;210,8;212,3;208,0;219,5;229,0;226,7;
1815000;"Powiat ropczycko-sędziszowski";164,0;155,3;146,7;186,9;189,5;172,6;185,9;189,4;157,4;169,2;149,8;187,5;173,7;195,2;213,4;207,4;
1816000;"Powiat rzeszowski";200,7;183,3;183,1;181,6;197,9;198,3;215,4;182,5;196,1;195,5;182,2;195,6;187,6;186,1;197,5;231,1;
1817000;"Powiat sanocki";169,5;180,0;198,9;170,6;209,1;187,2;237,2;223,5;217,2;213,2;200,6;211,5;229,0;242,8;238,5;235,0;
1818000;"Powiat stalowowolski";208,9;162,0;186,7;193,8;239,4;206,6;221,3;191,8;198,8;205,0;231,4;201,1;199,0;238,7;232,8;231,1;
1819000;"Powiat strzyżowski";211,6;171,6;218,0;216,4;224,4;197,4;190,9;181,0;202,1;223,3;209,1;201,5;249,1;260,7;239,8;217,4;
1820000;"Powiat tarnobrzeski";199,9;203,8;182,0;184,3;162,4;214,4;188,8;191,3;195,3;195,4;192,8;176,6;195,5;259,3;191,0;210,3;
1821000;"Powiat leski";157,2;190,9;213,5;206,3;243,9;217,6;198,0;196,7;200,4;245,4;212,7;201,7;179,2;217,2;221,3;240,8;
1861000;"Powiat m.Krosno";254,3;202,1;216,6;211,5;216,5;253,2;234,5;216,6;200,2;249,5;245,7;248,2;235,1;250,6;256,0;253,6;
1862000;"Powiat m.Przemyśl";209,8;232,9;238,9;247,8;252,2;234,0;254,5;249,8;257,4;209,2;251,6;250,5;293,0;276,9;325,9;323,5;
1863000;"Powiat m.Rzeszów";206,5;221,3;200,1;203,0;185,9;219,2;231,9;211,9;196,0;203,0;205,5;211,3;232,1;235,3;226,3;234,7;
1864000;"Powiat m.Tarnobrzeg";172,0;166,4;224,5;179,2;199,3;191,9;200,5;238,8;198,9;205,9;213,0;276,8;242,2;285,4;239,9;294,3;
2000000;"PODLASKIE";226,8;235,0;233,6;236,0;240,9;233,4;236,3;232,3;237,4;237,7;246,1;235,5;259,5;250,3;247,0;259,4;
2001000;"Powiat augustowski";221,0;238,0;219,9;240,2;254,2;244,4;254,7;224,5;248,2;307,1;251,2;226,7;275,1;294,9;250,3;268,4;
2002000;"Powiat białostocki";241,4;244,5;235,3;232,9;239,1;222,1;243,2;231,7;217,4;222,4;221,9;217,0;250,2;243,4;214,3;240,6;
2003000;"Powiat bielski";225,7;258,6;262,1;260,7;307,7;257,5;279,2;316,0;308,4;310,9;249,2;285,7;298,9;288,0;285,2;257,7;
2004000;"Powiat grajewski";223,6;179,3;188,1;232,3;223,5;220,6;217,6;246,8;258,1;267,6;246,5;239,8;229,0;238,5;229,5;281,6;
2005000;"Powiat hajnowski";267,1;348,5;279,3;288,6;375,7;279,1;318,1;356,4;299,1;354,0;339,4;349,8;357,7;363,3;330,2;384,7;
2006000;"Powiat kolneński";180,7;210,5;206,2;199,9;220,6;189,5;190,1;240,7;179,7;195,5;244,1;197,9;249,8;199,7;190,7;241,2;
2007000;"Powiat łomżyński";223,7;294,4;255,4;240,0;216,6;242,0;251,6;197,3;235,8;249,1;236,5;233,7;234,9;206,4;265,4;245,2;
2008000;"Powiat moniecki";230,1;236,1;246,8;237,1;240,6;260,4;280,3;269,0;274,9;255,8;289,1;229,2;261,6;197,9;250,7;239,9;
2009000;"Powiat sejneński";256,0;239,2;230,6;320,4;262,4;329,1;282,7;235,6;293,4;252,8;287,5;326,7;318,6;316,6;270,9;292,5;
2010000;"Powiat siemiatycki";273,1;249,2;257,2;298,0;284,0;274,0;259,7;295,0;239,6;226,8;305,6;323,2;278,8;305,6;256,3;280,6;
2011000;"Powiat sokólski";283,5;297,8;269,4;279,8;231,1;256,4;265,2;255,0;306,9;266,1;261,1;284,6;305,5;265,2;298,4;305,5;
2012000;"Powiat suwalski";233,1;227,9;228,5;271,0;256,6;229,2;248,6;257,0;254,0;263,0;261,4;222,8;284,1;303,9;248,3;223,1;
2013000;"Powiat wysokomazowiecki";239,8;197,3;227,9;237,6;248,7;245,9;248,4;238,6;229,8;227,6;283,1;233,7;262,3;231,0;256,4;249,2;
2014000;"Powiat zambrowski";210,4;242,0;242,7;219,2;211,1;260,6;219,1;190,2;204,0;217,8;236,6;213,4;180,4;248,6;206,4;232,4;
2061000;"Powiat m.Białystok";209,8;214,4;232,5;212,6;222,0;211,1;214,9;197,3;211,8;206,7;220,1;200,7;240,2;235,2;242,7;254,2;
2062000;"Powiat m.Łomża";175,8;168,1;200,1;217,1;224,5;223,4;183,3;194,3;191,6;198,6;210,4;210,5;240,7;196,1;224,4;220,3;
2063000;"Powiat m.Suwałki";214,0;222,2;193,1;190,2;197,7;201,9;188,6;196,3;242,7;203,4;252,4;245,5;272,5;257,4;249,8;265,4;
2200000;"POMORSKIE";240,5;243,0;247,8;259,7;260,2;248,7;254,4;250,9;251,4;256,2;253,2;262,9;271,3;272,2;266,1;274,6;
2201000;"Powiat bytowski";184,1;190,2;212,3;204,5;158,4;212,9;180,9;233,0;194,4;217,1;205,6;210,5;226,3;227,1;210,4;218,4;
2202000;"Powiat chojnicki";181,9;206,3;194,7;243,7;249,4;222,4;246,8;241,2;221,4;229,1;236,2;228,6;240,8;225,4;235,9;256,7;
2203000;"Powiat człuchowski";181,9;208,0;220,6;241,9;243,9;233,6;240,4;232,1;258,8;271,8;207,8;304,9;263,3;223,6;267,9;242,4;
2204000;"Powiat gdański";210,5;211,5;188,6;208,4;170,2;219,3;200,3;195,5;174,6;206,9;180,6;175,8;203,7;204,2;188,0;185,8;
2205000;"Powiat kartuski";176,9;172,4;200,6;190,6;189,3;155,2;176,8;203,4;191,1;174,2;172,5;165,0;194,4;199,2;195,6;186,5;
2206000;"Powiat kościerski";208,8;191,2;182,6;250,5;228,0;270,8;225,2;225,1;218,3;220,0;237,6;231,4;257,2;239,8;211,2;262,3;
2207000;"Powiat kwidzyński";227,6;241,5;222,2;260,4;203,4;223,4;249,2;218,1;237,8;248,1;227,0;259,7;286,2;240,8;253,9;257,9;
2208000;"Powiat lęborski";217,6;200,1;250,3;248,6;281,7;251,3;247,3;245,1;258,3;285,5;258,2;281,2;225,1;296,2;273,3;265,3;
2209000;"Powiat malborski";242,8;233,7;269,8;218,2;225,0;241,2;198,0;226,8;243,6;265,5;294,4;258,2;263,2;283,5;286,3;221,0;
2210000;"Powiat nowodworski";228,5;278,6;270,7;274,2;285,5;257,4;240,3;276,6;271,1;274,2;247,3;286,9;251,2;268,6;275,4;267,8;
2211000;"Powiat pucki";237,7;231,9;194,4;234,3;270,0;206,5;223,8;226,1;219,9;222,4;256,4;234,3;244,1;227,7;269,6;242,0;
2212000;"Powiat słupski";203,2;218,9;235,8;265,8;243,7;249,0;247,1;250,0;269,7;242,1;248,6;263,6;291,6;285,0;261,8;262,2;
2213000;"Powiat starogardzki";220,1;194,7;210,5;210,9;242,2;242,6;229,4;200,4;223,3;241,7;222,6;249,0;239,6;240,3;207,7;263,2;
2214000;"Powiat tczewski";234,5;249,1;273,8;268,1;273,4;234,9;266,0;265,5;286,1;271,9;278,7;299,2;316,4;266,5;265,9;276,4;
2215000;"Powiat wejherowski";197,7;229,0;200,2;211,4;218,8;200,1;201,5;213,7;201,6;209,5;193,4;209,3;209,5;211,5;224,3;241,1;
2216000;"Powiat sztumski";217,2;198,1;221,6;305,2;258,6;208,9;230,2;240,2;198,8;245,6;199,6;245,1;236,0;286,2;273,0;246,4;
2261000;"Powiat m.Gdańsk";293,8;293,6;293,2;296,6;308,6;287,7;302,0;281,9;281,9;277,2;299,9;312,8;317,9;327,2;311,9;339,0;
2262000;"Powiat m.Gdynia";277,6;278,1;289,8;296,7;314,0;301,7;301,4;289,2;314,0;297,7;299,2;293,0;309,3;335,2;324,8;318,4;
2263000;"Powiat m.Słupsk";264,0;281,1;293,1;263,9;281,0;259,8;313,1;320,0;296,4;327,5;308,9;309,5;319,8;346,1;352,2;354,1;
2264000;"Powiat m.Sopot";398,6;298,7;345,9;478,3;362,0;358,3;383,2;356,5;331,0;442,4;344,6;374,2;437,8;328,9;288,8;338,6;
2400000;"ŚLĄSKIE";241,6;251,2;253,6;254,4;265,9;264,9;271,7;271,0;271,0;283,6;286,0;289,5;302,7;306,0;313,3;315,8;
2401000;"Powiat będziński";317,2;333,1;290,8;319,1;304,9;307,7;339,2;308,6;280,0;324,6;319,0;321,3;341,0;346,8;343,9;340,4;
2402000;"Powiat bielski";238,5;231,4;233,4;205,7;222,8;196,6;220,0;232,5;243,1;249,5;222,6;223,7;269,6;291,7;276,1;256,1;
2403000;"Powiat cieszyński";219,9;215,8;223,3;218,6;243,8;245,3;264,0;238,1;238,3;250,0;248,0;241,4;244,2;261,8;304,9;289,9;
2404000;"Powiat częstochowski";247,2;255,3;242,6;260,1;259,5;275,9;262,9;256,4;256,0;254,5;258,3;304,8;257,2;302,5;279,8;297,7;
2405000;"Powiat gliwicki";208,3;240,3;216,4;272,0;228,3;272,7;253,6;262,9;246,8;256,0;254,2;318,2;250,1;308,0;254,6;305,6;
2406000;"Powiat kłobucki";230,2;225,8;220,8;210,4;261,7;231,4;259,1;242,5;246,0;258,8;282,5;285,5;315,6;301,9;282,2;310,8;
2407000;"Powiat lubliniecki";225,5;231,5;212,3;161,3;223,3;226,4;262,9;216,3;217,5;261,1;259,1;232,1;256,1;258,9;265,7;244,8;
2408000;"Powiat mikołowski";232,2;224,3;219,2;208,7;213,2;236,0;242,1;236,9;240,6;223,4;247,2;263,4;251,3;271,9;286,7;279,5;
2409000;"Powiat myszkowski";236,6;221,9;276,6;251,3;276,4;236,0;263,9;266,1;260,8;268,1;293,3;291,5;297,8;308,2;296,4;301,8;
2410000;"Powiat pszczyński";165,3;185,6;193,5;178,7;191,4;196,6;182,3;238,2;177,9;210,3;230,0;229,2;226,5;251,9;248,0;214,7;
2411000;"Powiat raciborski";221,4;230,8;224,8;216,6;271,6;247,9;246,2;262,3;228,0;240,0;256,3;243,0;261,0;248,5;256,0;259,4;
2412000;"Powiat rybnicki";242,9;232,5;272,8;226,0;229,3;241,7;251,3;206,1;195,5;280,8;243,9;266,2;257,7;260,5;259,6;311,5;
2413000;"Powiat tarnogórski";211,1;207,9;210,3;261,2;246,3;237,8;269,2;250,6;248,0;254,7;258,0;280,4;279,3;290,0;272,2;292,5;
2414000;"Powiat bieruńsko-lędziński";193,6;214,6;203,1;240,3;227,2;204,6;215,6;260,5;179,6;245,6;208,9;235,0;274,8;247,3;252,7;244,9;
2415000;"Powiat wodzisławski";214,7;217,8;223,2;263,5;262,0;263,6;240,0;253,1;276,2;291,0;293,3;263,6;309,1;268,6;295,9;287,5;
2416000;"Powiat zawierciański";293,1;279,9;263,5;294,2;281,8;319,1;292,8;311,1;310,7;315,1;322,2;331,3;325,1;343,5;332,6;325,9;
2417000;"Powiat żywiecki";206,7;209,7;236,3;202,7;235,5;239,0;244,5;227,7;246,9;258,6;232,7;259,4;262,6;265,3;259,2;265,9;
2461000;"Powiat m.Bielsko-Biała";239,6;214,2;237,7;221,8;263,2;237,8;276,8;264,1;264,1;262,8;260,0;276,7;323,0;306,8;328,8;324,6;
2462000;"Powiat m.Bytom";242,1;271,8;279,2;259,6;289,4;286,4;279,9;313,7;339,0;318,7;316,1;314,3;338,7;335,2;348,0;347,7;
2463000;"Powiat m.Chorzów";333,2;345,0;331,4;314,8;331,3;349,0;347,3;326,2;345,7;354,9;380,4;365,5;376,8;330,5;367,4;368,1;
2464000;"Powiat m.Częstochowa";277,4;272,2;284,3;262,1;275,9;282,0;288,5;288,4;306,0;303,2;313,0;311,0;323,9;334,4;346,6;359,6;
2465000;"Powiat m.Dąbrowa Górnicza";241,9;267,5;274,8;281,3;271,0;277,7;300,8;278,8;329,2;281,5;282,3;273,9;309,1;302,2;355,9;332,0;
2466000;"Powiat m.Gliwice";220,0;264,5;268,3;264,4;307,0;282,5;277,2;305,0;281,3;304,3;303,5;337,9;312,0;328,5;330,2;361,4;
2467000;"Powiat m.Jastrzębie-Zdrój";208,6;199,6;212,9;225,7;239,1;219,3;232,0;241,3;238,1;292,6;292,1;277,8;305,9;334,1;333,3;307,8;
2468000;"Powiat m.Jaworzno";229,6;240,3;259,4;255,1;273,8;291,2;256,3;288,7;279,8;286,9;276,7;335,6;308,4;327,2;356,8;346,6;
2469000;"Powiat m.Katowice";278,3;304,5;306,6;303,1;302,7;309,9;330,5;321,5;310,9;343,9;326,5;338,6;351,1;350,5;372,1;383,1;
2470000;"Powiat m.Mysłowice";241,8;281,9;260,1;284,6;314,2;255,6;292,8;239,8;270,6;258,6;267,3;273,2;269,3;297,1;312,3;315,1;
2471000;"Powiat m.Piekary Śląskie";278,5;268,5;302,0;251,6;257,7;309,8;280,6;270,1;276,5;305,7;251,2;307,1;328,7;302,9;338,6;317,4;
2472000;"Powiat m.Ruda Śląska";261,1;271,1;269,1;270,4;275,7;301,9;312,3;293,4;306,4;276,2;307,3;313,3;343,8;336,4;348,1;326,3;
2473000;"Powiat m.Rybnik";204,4;249,3;218,9;222,9;242,9;207,1;241,4;231,2;246,1;257,7;274,1;238,4;277,4;245,8;269,6;285,8;
2474000;"Powiat m.Siemianowice Śląskie";256,8;251,3;340,3;305,6;343,7;340,4;308,5;303,7;305,1;314,1;357,1;305,9;383,0;383,8;330,8;340,1;
2475000;"Powiat m.Sosnowiec";270,0;266,1;278,1;322,4;301,1;298,6;288,8;310,9;301,3;329,6;368,2;325,8;346,6;353,0;364,0;346,1;
2476000;"Powiat m.Świętochłowice";256,0;289,0;251,6;253,2;258,6;259,8;279,4;325,3;260,0;336,7;307,1;348,0;389,9;303,4;302,8;374,6;
2477000;"Powiat m.Tychy";213,6;220,6;203,1;223,0;233,1;251,9;223,6;253,9;242,7;275,8;252,4;261,1;286,4;312,3;317,5;311,6;
2478000;"Powiat m.Zabrze";221,5;253,5;265,8;255,5;254,8;236,9;264,9;243,7;282,0;276,3;296,9;266,6;292,4;299,6;298,3;324,5;
2479000;"Powiat m.Żory";175,2;171,1;141,6;167,8;187,8;196,5;200,3;200,9;193,2;209,3;233,9;238,7;253,3;226,0;277,0;269,6;
2600000;"ŚWIĘTOKRZYSKIE";233,2;228,4;235,2;242,0;253,4;251,9;244,2;242,7;243,8;266,8;255,9;251,3;277,6;287,8;269,9;272,6;
2601000;"Powiat buski";292,6;264,6;232,1;262,8;294,0;268,4;289,6;270,3;279,5;309,1;312,2;267,0;314,1;325,0;288,1;275,9;
2602000;"Powiat jędrzejowski";230,9;203,7;237,6;258,7;244,1;223,7;225,4;245,9;260,3;250,1;273,8;264,5;290,7;286,4;252,6;238,6;
2603000;"Powiat kazimierski";330,4;294,6;291,1;334,9;312,5;378,6;340,9;283,8;280,5;290,9;265,2;246,9;281,1;271,0;243,6;256,5;
2604000;"Powiat kielecki";197,5;196,3;204,5;201,2;222,4;226,7;192,7;208,0;189,1;212,5;203,1;193,5;213,7;225,1;220,7;234,9;
2605000;"Powiat konecki";225,1;238,8;240,9;257,3;252,9;270,9;255,2;222,7;260,4;267,8;234,5;256,3;290,5;311,8;261,0;250,6;
2606000;"Powiat opatowski";271,3;287,6;272,1;265,1;277,7;283,3;299,1;294,9;253,6;287,9;295,4;264,7;290,8;257,6;286,0;280,5;
2607000;"Powiat ostrowiecki";231,2;232,0;240,0;267,8;280,5;273,1;247,2;255,9;278,9;288,4;245,8;274,5;289,6;324,0;298,8;295,8;
2608000;"Powiat pińczowski";288,2;238,5;303,2;249,0;271,6;287,5;275,2;269,3;264,3;299,7;304,1;252,3;320,8;298,1;310,3;281,9;
2609000;"Powiat sandomierski";248,3;261,1;240,5;241,6;247,7;276,7;256,6;247,2;268,8;280,3;266,8;298,2;268,4;265,5;263,5;336,7;
2610000;"Powiat skarżyski";252,2;217,8;237,5;249,4;282,5;259,0;270,8;237,7;225,6;284,2;292,4;251,8;284,6;313,1;327,4;285,9;
2611000;"Powiat starachowicki";231,4;230,4;238,9;276,0;250,0;238,5;243,7;253,2;255,3;269,2;274,9;270,1;317,9;282,2;276,6;260,6;
2612000;"Powiat staszowski";222,1;233,6;237,1;244,6;251,0;233,1;226,5;220,2;216,9;258,5;236,3;212,6;235,0;285,5;266,0;295,9;
2613000;"Powiat włoszczowski";174,3;193,8;231,9;216,1;201,9;200,5;235,1;245,0;211,4;222,9;245,8;240,0;280,5;314,5;223,8;275,3;
2661000;"Powiat m.Kielce";216,4;216,3;220,9;208,1;242,7;237,7;236,0;242,7;247,8;284,6;256,7;270,7;297,3;316,1;291,9;287,3;
2800000;"WARMIŃSKO-MAZURSKIE";222,5;219,6;229,4;236,1;237,4;243,0;244,6;244,8;237,8;253,6;261,6;248,6;278,4;282,7;267,8;281,9;
2801000;"Powiat bartoszycki";221,8;260,6;218,9;228,5;226,5;262,2;244,1;264,6;277,8;231,7;296,5;253,2;309,0;309,5;277,7;316,3;
2802000;"Powiat braniewski";222,9;201,1;204,3;214,5;225,0;260,2;217,7;237,4;232,2;264,4;240,3;237,3;255,2;290,3;277,5;277,0;
2803000;"Powiat działdowski";250,2;265,4;263,8;294,5;267,2;285,6;288,3;275,0;276,8;280,2;274,8;263,7;288,6;294,1;315,5;324,8;
2804000;"Powiat elbląski";200,7;239,6;241,5;236,5;241,9;255,9;226,7;235,1;217,5;258,5;233,0;240,4;265,0;266,6;282,9;270,6;
2805000;"Powiat ełcki";169,6;215,7;199,5;174,4;238,5;222,1;214,1;221,9;224,4;197,8;225,1;208,6;235,6;236,2;203,9;209,5;
2806000;"Powiat giżycki";262,9;226,2;209,4;215,1;234,6;232,0;239,5;203,7;242,3;214,7;237,5;240,1;276,4;274,5;303,2;292,1;
2807000;"Powiat iławski";212,5;211,2;231,7;224,1;222,7;232,3;229,5;254,1;215,1;262,1;250,3;226,7;298,8;292,2;295,3;295,0;
2808000;"Powiat kętrzyński";248,8;226,2;255,9;281,9;279,6;290,6;244,9;245,3;234,3;229,4;275,3;294,2;332,1;342,7;323,5;318,4;
2809000;"Powiat lidzbarski";280,0;235,4;261,2;288,3;292,4;262,9;289,0;260,9;273,4;293,2;313,0;275,1;282,7;327,2;283,8;273,7;
2810000;"Powiat mrągowski";167,3;185,2;153,9;229,5;231,6;223,8;233,5;227,3;217,9;235,6;262,0;235,2;261,9;296,3;239,9;242,7;
2811000;"Powiat nidzicki";208,5;220,0;255,6;241,5;262,7;287,8;253,4;217,2;227,1;239,8;279,0;224,8;305,1;336,7;275,8;283,7;
2812000;"Powiat nowomiejski";191,2;197,8;213,7;247,8;220,1;267,3;246,2;257,6;243,9;259,4;266,8;237,2;257,7;275,8;274,1;331,8;
2813000;"Powiat olecki";224,1;227,0;212,7;204,4;225,5;217,2;211,4;287,8;228,2;242,6;229,0;275,7;282,0;279,6;240,1;286,8;
2814000;"Powiat olsztyński";193,8;195,4;247,8;235,0;228,2;214,0;220,3;234,2;228,5;223,4;226,9;212,5;246,7;261,0;225,5;237,5;
2815000;"Powiat ostródzki";229,9;203,7;217,2;236,6;229,7;236,6;273,1;285,3;247,5;256,3;280,6;304,1;293,5;278,0;292,3;280,0;
2816000;"Powiat piski";212,9;180,6;189,1;209,9;191,5;231,7;249,6;223,6;231,0;257,4;245,4;234,0;258,5;257,6;229,3;262,6;
2817000;"Powiat szczycieński";241,2;217,3;194,0;198,9;212,2;189,3;220,7;186,4;187,6;222,8;243,0;215,7;209,4;194,4;217,5;297,2;
2818000;"Powiat gołdapski";215,0;203,9;236,8;193,7;212,5;242,2;227,5;231,7;195,9;272,6;327,7;251,8;223,2;217,0;203,1;226,0;
2819000;"Powiat węgorzewski";223,2;226,5;211,0;241,0;268,0;281,0;269,9;209,1;247,8;295,7;253,2;228,0;289,0;360,1;323,4;361,7;
2861000;"Powiat m.Elbląg";250,3;260,0;264,1;294,8;267,1;273,6;284,9;293,9;277,9;320,2;314,8;283,1;354,9;339,3;330,5;339,2;
2862000;"Powiat m.Olsztyn";228,5;207,3;248,0;225,3;227,3;223,8;238,6;231,4;235,6;266,1;254,2;251,8;270,6;272,5;239,9;264,5;
3000000;"WIELKOPOLSKIE";229,1;240,3;237,8;247,9;247,6;245,4;247,3;243,6;243,4;244,0;244,5;252,8;261,2;268,4;272,5;285,7;
3001000;"Powiat chodzieski";202,7;268,7;210,2;259,4;284,5;186,4;244,8;230,2;240,4;244,5;234,5;294,3;296,7;318,3;274,3;272,9;
3002000;"Powiat czarnkowsko-trzcianecki";225,6;262,3;225,2;247,2;242,3;274,9;245,6;232,2;225,3;214,2;213,6;255,7;252,3;294,0;282,4;248,0;
3003000;"Powiat gnieźnieński";225,2;239,8;243,9;240,0;259,5;222,9;244,7;260,4;253,4;264,6;256,3;264,1;279,3;270,2;277,9;289,7;
3004000;"Powiat gostyński";204,4;234,3;216,1;235,8;239,5;250,0;236,5;257,0;254,4;217,8;233,8;241,5;241,6;278,6;285,3;273,6;
3005000;"Powiat grodziski";180,7;202,6;184,0;169,4;203,5;186,7;241,9;216,4;235,6;195,2;198,4;227,3;253,4;238,8;262,0;287,8;
3006000;"Powiat jarociński";230,2;235,6;238,4;228,2;243,7;253,2;272,7;226,8;244,8;230,5;237,3;245,5;284,5;285,7;266,3;298,2;
3007000;"Powiat kaliski";219,5;242,7;237,3;249,0;221,8;228,4;257,7;229,4;283,6;213,5;239,0;218,9;236,8;231,5;261,6;235,9;
3008000;"Powiat kępiński";191,4;241,4;268,1;246,2;200,8;193,1;206,8;198,6;207,1;240,8;218,0;239,1;239,2;226,9;306,5;296,3;
3009000;"Powiat kolski";252,6;272,2;245,0;259,1;259,7;267,7;261,3;211,7;226,7;241,7;258,2;269,9;266,5;251,6;273,1;308,6;
3010000;"Powiat koniński";229,1;235,2;227,8;247,8;233,6;206,1;215,9;224,2;218,7;208,5;228,1;212,8;226,2;233,5;231,5;222,7;
3011000;"Powiat kościański";216,3;216,4;241,9;244,2;249,0;235,7;258,3;232,7;254,8;266,1;266,4;260,7;273,3;269,5;319,3;276,3;
3012000;"Powiat krotoszyński";230,0;246,8;230,2;214,4;241,3;272,2;262,6;226,9;254,0;279,5;253,6;262,1;258,3;286,0;279,1;278,4;
3013000;"Powiat leszczyński";218,0;202,0;262,8;215,4;229,8;219,7;201,9;200,9;204,8;202,9;212,3;201,2;216,2;227,2;231,7;261,8;
3014000;"Powiat międzychodzki";231,1;162,0;268,7;183,7;224,5;221,4;242,6;248,6;210,4;229,3;223,6;199,4;210,4;267,1;240,3;243,7;
3015000;"Powiat nowotomyski";209,7;236,0;206,1;218,4;219,1;245,9;195,4;231,9;221,5;216,5;244,2;256,4;241,1;264,8;265,3;271,3;
3016000;"Powiat obornicki";239,0;264,0;203,8;272,8;237,8;252,4;250,6;218,5;194,9;202,4;215,1;228,1;266,4;273,8;311,7;292,7;
3017000;"Powiat ostrowski";242,5;260,5;248,0;262,4;266,3;234,6;256,4;256,1;269,5;256,1;255,9;256,0;294,5;284,9;289,6;325,4;
3018000;"Powiat ostrzeszowski";185,6;192,7;231,0;203,4;206,8;202,7;216,7;238,3;247,0;248,9;231,1;261,4;218,4;267,1;281,7;274,0;
3019000;"Powiat pilski";206,0;228,3;234,7;241,8;227,2;247,9;261,4;239,8;249,0;252,7;239,3;249,2;255,0;275,0;284,9;328,7;
3020000;"Powiat pleszewski";220,6;230,1;241,4;273,6;229,7;211,5;260,5;221,4;224,6;240,1;240,1;276,5;256,2;288,2;275,3;269,2;
3021000;"Powiat poznański";210,9;214,1;226,6;227,4;215,0;210,6;202,7;204,3;212,9;209,8;200,4;209,4;216,3;213,0;218,2;225,1;
3022000;"Powiat rawicki";237,8;242,6;206,9;230,1;263,1;230,6;258,5;247,2;233,3;201,8;248,2;218,5;258,2;237,3;265,0;265,1;
3023000;"Powiat słupecki";206,3;184,1;242,9;270,3;240,5;285,1;258,1;248,7;234,2;236,0;199,5;184,5;224,6;295,6;275,6;302,6;
3024000;"Powiat szamotulski";234,3;239,7;238,0;261,8;238,7;285,9;269,6;249,4;244,6;245,8;222,4;235,1;276,4;280,3;228,4;291,2;
3025000;"Powiat średzki";218,8;242,1;226,7;199,4;224,4;256,2;267,7;232,3;239,7;261,9;273,1;264,8;256,7;279,7;252,1;310,8;
3026000;"Powiat śremski";198,8;239,4;182,6;219,6;219,0;266,0;229,4;250,3;197,0;246,0;263,1;257,0;254,6;250,9;251,5;308,7;
3027000;"Powiat turecki";194,8;217,6;214,1;254,6;235,6;263,2;235,3;256,1;205,4;233,7;200,1;220,5;241,9;230,2;243,4;248,3;
3028000;"Powiat wągrowiecki";246,7;247,8;206,1;224,6;256,3;211,9;229,8;259,6;228,7;246,9;275,1;254,9;269,0;289,0;225,7;283,8;
3029000;"Powiat wolsztyński";194,8;194,5;217,6;193,5;271,2;197,5;176,6;236,4;212,4;188,8;202,7;207,5;235,1;253,9;252,9;239,0;
3030000;"Powiat wrzesiński";225,9;224,5;239,1;217,4;258,6;234,6;249,5;238,4;232,4;242,1;265,7;268,8;253,6;259,9;251,3;303,4;
3031000;"Powiat złotowski";177,3;211,8;207,7;251,2;229,7;194,8;246,5;214,6;204,9;206,2;256,7;241,5;279,2;252,1;290,8;302,7;
3061000;"Powiat m.Kalisz";256,3;249,1;276,6;281,1;274,5;294,3;292,0;282,7;283,1;281,3;298,2;272,8;310,4;282,7;296,4;319,9;
3062000;"Powiat m.Konin";203,2;219,0;244,4;217,5;272,4;231,4;230,1;224,6;251,2;270,5;276,1;287,3;312,4;296,3;289,0;372,0;
3063000;"Powiat m.Leszno";189,8;218,0;253,7;259,2;245,1;267,3;249,4;240,0;241,3;256,6;230,5;261,6;259,9;262,1;294,9;281,1;
3064000;"Powiat m.Poznań";282,6;282,2;266,0;294,4;285,9;290,9;281,4;291,7;287,2;289,5;283,0;308,3;294,3;311,7;317,5;325,1;
3200000;"ZACHODNIOPOMORSKIE";234,1;251,7;238,5;246,2;253,3;253,2;253,3;259,1;256,4;267,9;271,0;273,3;284,5;280,9;284,8;291,8;
3201000;"Powiat białogardzki";260,1;284,8;254,5;265,4;248,8;269,3;265,3;266,7;232,7;249,8;285,5;307,6;296,2;240,0;268,0;285,9;
3202000;"Powiat choszczeński";227,9;259,7;178,2;231,8;211,2;247,5;305,2;244,5;261,3;284,6;259,9;291,4;286,4;322,4;289,4;295,7;
3203000;"Powiat drawski";209,2;224,9;217,1;206,5;222,3;242,3;214,0;228,5;236,1;190,5;271,7;272,9;257,9;284,5;294,0;279,8;
3204000;"Powiat goleniowski";199,5;215,3;223,1;223,4;226,3;225,2;249,0;239,1;261,7;258,4;248,3;263,5;253,3;268,3;247,1;278,7;
3205000;"Powiat gryficki";224,7;221,8;230,3;229,0;206,5;265,6;210,2;272,3;211,5;213,7;239,9;261,6;244,4;281,1;288,4;261,9;
3206000;"Powiat gryfiński";203,2;243,9;227,4;226,2;215,3;222,4;225,8;248,7;208,7;248,4;309,6;282,8;275,6;247,3;275,6;294,9;
3207000;"Powiat kamieński";264,5;264,8;213,5;222,4;189,1;215,6;265,4;230,6;280,7;279,7;322,9;273,6;299,9;251,2;275,3;237,3;
3208000;"Powiat kołobrzeski";197,9;232,8;236,5;212,3;258,8;254,0;232,5;248,4;258,2;286,1;265,1;287,6;253,8;276,7;309,3;303,0;
3209000;"Powiat koszaliński";223,4;212,6;233,5;240,3;272,0;215,1;238,6;313,0;245,8;253,8;267,3;233,3;234,0;256,8;260,1;288,3;
3210000;"Powiat myśliborski";218,1;243,3;180,5;216,0;210,1;235,4;206,0;215,3;207,0;228,1;248,3;214,6;286,7;268,3;281,4;288,9;
3211000;"Powiat policki";179,4;156,4;150,3;163,2;187,5;157,4;167,6;174,6;179,9;179,5;192,1;174,6;200,2;202,0;195,5;173,9;
3212000;"Powiat pyrzycki";196,5;243,4;226,9;249,8;220,5;222,8;233,1;248,7;245,0;270,7;268,6;274,2;282,3;284,1;280,4;284,2;
3213000;"Powiat sławieński";214,9;254,5;222,1;265,7;260,8;261,3;258,1;257,6;251,0;255,1;241,9;280,2;334,9;301,7;256,7;283,0;
3214000;"Powiat stargardzki";197,0;215,3;230,2;202,4;241,0;241,1;247,5;248,6;226,6;233,9;246,6;266,1;253,8;286,0;278,8;277,4;
3215000;"Powiat szczecinecki";194,3;203,6;220,4;214,4;205,6;260,4;247,6;283,2;272,6;294,6;247,5;267,2;277,2;288,2;260,7;271,5;
3216000;"Powiat świdwiński";251,5;238,5;261,7;271,1;256,6;247,8;217,7;288,3;259,7;328,2;277,1;233,3;297,0;277,9;338,3;278,2;
3217000;"Powiat wałecki";223,5;264,0;225,2;231,5;244,9;260,5;246,6;208,2;225,3;266,0;266,9;328,2;306,2;290,4;293,0;261,3;
3218000;"Powiat łobeski";262,3;328,8;235,6;205,7;242,2;263,3;242,9;243,2;270,2;294,7;284,0;256,0;289,1;257,9;274,4;287,2;
3261000;"Powiat m.Koszalin";228,8;265,3;273,3;265,5;320,7;332,8;270,0;299,8;287,2;300,4;302,8;289,5;310,4;329,7;313,7;317,6;
3262000;"Powiat m.Szczecin";289,9;300,9;280,2;304,6;302,0;274,2;299,5;283,3;291,5;297,2;292,3;298,0;319,9;292,8;308,4;328,6;
3263000;"Powiat m.Świnoujście";221,1;217,2;247,2;252,9;282,7;262,4;240,4;236,3;330,0;306,3;267,6;266,2;291,1;323,3;290,1;383,2;
