"Kod";"Nazwa";"ogółem;2002;[%]";"ogółem;2003;[%]";"ogółem;2004;[%]";"ogółem;2005;[%]";"ogółem;2006;[%]";"ogółem;2007;[%]";"ogółem;2008;[%]";"ogółem;2009;[%]";"ogółem;2010;[%]";"ogółem;2011;[%]";"ogółem;2012;[%]";"ogółem;2013;[%]";"ogółem;2014;[%]";"ogółem;2015;[%]";"ogółem;2016;[%]";"ogółem;2017;[%]";"ogółem;2018;[%]";
0000000;"POLSKA";33,01;32,54;32,52;32,54;32,12;32,31;32,31;32,31;32,43;32,45;32,45;32,5;32,5;32,5;32,5;32,5;32,6;
0200000;"DOLNOŚLĄSKIE";20,17;20,22;18,09;18,13;18,14;18,09;18,03;18,17;18,54;18,60;18,60;18,6;18,6;18,6;18,6;18,6;18,6;
0201000;"Powiat bolesławiecki";9,08;9,20;9,20;9,20;9,20;9,20;9,20;9,20;9,20;9,20;9,20;9,2;9,2;9,2;9,2;9,2;9,2;
0202000;"Powiat dzierżoniowski";18,92;18,92;18,92;18,92;18,93;18,92;18,92;18,92;17,88;17,88;17,88;17,9;17,9;17,9;17,9;17,9;17,9;
0203000;"Powiat głogowski";1,42;1,42;1,44;2,80;2,80;2,80;2,80;2,80;2,80;2,80;2,80;2,8;2,8;2,8;2,8;2,8;2,8;
0204000;"Powiat górowski";70,65;70,65;70,65;70,70;70,69;70,69;70,69;70,69;70,69;70,69;70,69;70,7;70,5;70,5;70,5;70,5;70,5;
0205000;"Powiat jaworski";26,23;26,23;26,23;26,23;26,22;26,22;26,22;26,22;26,22;26,22;26,22;26,2;26,3;26,3;26,3;26,3;26,3;
0206000;"Powiat jeleniogórski";60,92;59,91;25,02;25,02;25,06;25,06;25,06;25,06;25,06;25,06;25,06;25,1;25,1;25,1;25,1;25,1;25,1;
0207000;"Powiat kamiennogórski";25,13;25,13;16,02;16,02;16,03;16,03;16,03;16,03;16,03;16,03;16,03;16,0;16,0;16,0;16,0;16,0;16,0;
0208000;"Powiat kłodzki";37,67;37,72;37,72;37,72;37,72;37,72;37,72;37,71;37,48;37,48;37,49;37,5;37,5;37,5;37,5;37,5;37,5;
0209000;"Powiat legnicki";11,51;11,51;12,08;12,08;12,09;12,09;12,09;12,02;12,02;12,02;12,02;12,0;12,0;12,0;12,0;12,0;12,0;
0210000;"Powiat lubański";10,67;10,67;1,64;1,67;1,67;1,67;1,67;2,27;2,27;2,27;2,27;2,3;2,3;2,3;2,3;2,3;2,3;
0211000;"Powiat lubiński";2,12;2,12;2,12;2,12;2,12;2,12;2,12;2,12;2,12;2,12;2,12;2,1;2,1;2,1;2,1;2,1;2,1;
0212000;"Powiat lwówecki";27,02;26,49;14,29;14,29;14,39;14,39;12,49;13,10;13,20;13,20;13,20;13,2;13,2;13,2;13,2;13,2;13,2;
0213000;"Powiat milicki";67,58;67,58;67,58;67,58;67,58;67,58;67,75;67,75;67,75;67,75;67,75;67,8;67,8;67,8;67,8;67,8;67,8;
0214000;"Powiat oleśnicki";10,26;10,28;10,31;10,39;10,39;10,46;10,46;10,46;10,46;10,46;10,46;10,5;10,5;10,5;10,5;10,5;10,5;
0215000;"Powiat oławski";0,05;0,05;0,05;0,05;0,05;0,05;0,05;0,05;0,05;0,05;0,05;0,0;0,1;0,1;0,1;0,1;0,1;
0216000;"Powiat polkowicki";25,93;28,10;28,10;28,10;28,28;28,28;28,28;26,60;26,66;26,66;26,66;26,7;26,7;26,7;26,7;26,7;26,7;
0217000;"Powiat strzeliński";2,41;2,41;2,41;2,41;2,41;2,41;2,41;2,41;14,64;14,64;14,64;14,6;14,6;14,6;14,6;14,6;14,6;
0218000;"Powiat średzki";0,75;0,75;0,75;0,75;0,75;0,75;0,75;0,74;0,74;0,75;0,75;0,7;0,7;0,7;0,7;0,7;0,7;
0219000;"Powiat świdnicki";6,50;6,50;6,50;6,50;6,52;6,61;6,61;6,61;7,43;7,43;7,43;7,4;7,4;7,4;7,4;7,4;7,4;
0220000;"Powiat trzebnicki";20,59;20,59;20,59;20,59;20,60;20,66;20,66;24,01;24,01;24,01;24,01;24,0;24,0;24,0;24,0;24,0;24,0;
0221000;"Powiat wałbrzyski";35,84;32,72;32,72;32,72;32,67;32,67;32,67;32,67;32,50;32,50;32,50;35,6;35,6;35,6;35,6;35,6;35,6;
0222000;"Powiat wołowski";11,79;11,79;11,79;11,79;11,79;11,79;11,79;11,79;11,79;11,79;11,79;11,8;11,8;11,8;11,8;11,8;11,8;
0223000;"Powiat wrocławski";10,93;10,93;10,93;10,93;10,91;10,91;10,91;10,91;10,91;10,91;10,91;10,9;10,9;10,9;10,9;10,9;10,9;
0224000;"Powiat ząbkowicki";15,73;15,73;15,73;15,73;15,75;15,75;15,75;15,75;15,83;15,83;15,84;15,9;15,9;15,9;15,9;15,9;15,9;
0225000;"Powiat zgorzelecki";0,01;0,01;0,01;0,01;0,06;0,06;0,06;0,06;0,06;0,06;0,06;0,2;0,2;0,2;0,2;0,2;0,2;
0226000;"Powiat złotoryjski";7,11;7,06;7,06;7,06;7,05;7,05;7,05;7,05;7,05;7,05;7,05;7,1;7,1;7,1;7,1;7,1;7,1;
0261000;"Powiat m.Jelenia Góra";61,18;61,48;16,66;16,66;16,52;16,52;16,52;16,52;16,52;16,52;16,52;16,5;16,5;16,5;19,9;19,9;19,9;
0262000;"Powiat m.Legnica";0,42;0,42;0,37;0,42;0,42;0,42;0,42;0,42;0,42;0,42;0,42;0,4;0,4;0,4;0,4;0,3;0,3;
0264000;"Powiat m.Wrocław";6,23;6,23;6,27;6,27;6,27;2,46;2,46;2,41;2,41;6,27;6,27;6,3;6,3;6,3;6,3;6,3;6,3;
0265000;"Powiat m.Wałbrzych od 2013";;;;;;;;;;;;16,9;16,9;16,9;16,9;16,9;16,9;
0400000;"KUJAWSKO-POMORSKIE";31,09;31,09;32,36;32,36;32,36;32,36;31,99;31,27;31,78;31,78;31,78;31,8;31,8;31,8;31,8;31,7;32,4;
0401000;"Powiat aleksandrowski";20,27;20,27;20,26;20,26;20,48;20,48;20,48;20,49;20,55;20,55;20,55;20,6;20,6;20,5;20,5;20,5;24,2;
0402000;"Powiat brodnicki";52,51;52,51;55,20;55,20;55,14;55,14;55,20;55,15;55,19;55,19;55,19;55,2;55,2;55,2;55,2;51,6;51,5;
0403000;"Powiat bydgoski";41,01;40,98;41,03;41,03;41,01;41,01;41,01;41,10;41,06;41,07;41,08;41,2;41,2;41,2;41,2;41,2;39,9;
0404000;"Powiat chełmiński";39,59;39,59;42,09;39,59;39,64;39,64;39,66;39,66;39,66;39,66;39,66;39,7;39,7;39,7;39,7;39,9;40,1;
0405000;"Powiat golubsko-dobrzyński";43,20;43,20;43,21;43,21;43,22;43,22;43,22;43,15;43,22;43,22;43,22;43,2;43,2;43,2;43,2;46,8;47,1;
0406000;"Powiat grudziądzki";33,12;33,12;33,36;33,36;33,39;33,39;33,39;33,39;33,38;33,38;33,38;33,4;33,4;33,4;33,4;33,4;35,4;
0407000;"Powiat inowrocławski";10,51;10,51;10,50;10,50;10,50;10,50;10,50;6,00;10,49;10,49;10,49;10,5;10,5;10,5;10,5;10,5;11,3;
0408000;"Powiat lipnowski";37,87;37,87;37,87;37,84;37,83;37,83;31,10;27,16;27,16;27,16;27,16;27,2;27,2;27,2;27,2;27,2;27,6;
0409000;"Powiat mogileński";14,15;14,15;14,25;14,25;14,26;14,27;14,27;12,04;14,47;14,47;14,47;14,5;14,5;14,5;14,5;14,5;15,6;
0410000;"Powiat nakielski";6,12;6,12;7,56;7,56;7,56;7,56;7,56;7,49;7,49;7,49;7,49;7,5;7,5;7,5;7,5;7,5;8,4;
0411000;"Powiat radziejowski";12,55;12,55;12,55;12,55;12,54;12,54;12,28;9,95;11,99;11,99;11,99;12,0;12,0;12,0;12,0;11,7;11,6;
0412000;"Powiat rypiński";15,37;15,37;15,38;15,38;15,40;15,40;15,40;15,38;15,39;15,39;15,39;15,4;15,4;15,4;15,4;15,1;12,3;
0413000;"Powiat sępoleński";65,78;65,78;77,64;77,64;77,62;77,62;77,76;77,76;77,76;77,76;77,77;77,8;77,8;77,8;77,8;77,8;79,0;
0414000;"Powiat świecki";48,21;48,21;48,11;48,11;48,07;48,07;48,16;48,15;48,15;48,15;48,15;48,2;48,2;48,2;48,2;48,8;53,6;
0415000;"Powiat toruński";35,25;35,25;35,25;35,26;35,25;35,25;35,25;35,04;35,27;35,27;35,27;35,3;35,3;35,3;35,3;34,6;34,9;
0416000;"Powiat tucholski";56,45;56,45;64,38;64,38;64,35;64,35;64,37;64,37;64,83;64,83;64,83;64,9;64,9;64,9;64,9;64,9;63,7;
0417000;"Powiat wąbrzeski";22,45;22,46;20,06;22,70;22,67;22,67;22,67;22,68;22,68;22,68;22,68;22,7;22,7;22,7;22,7;22,6;24,8;
0418000;"Powiat włocławski";16,72;16,72;16,88;16,88;16,86;16,86;16,86;16,73;16,71;16,71;16,71;16,7;16,7;16,7;16,7;16,7;17,3;
0419000;"Powiat żniński";10,45;10,45;10,52;10,52;10,52;10,52;10,53;10,53;10,53;10,53;10,53;10,5;10,5;10,5;10,5;10,5;12,4;
0461000;"Powiat m.Bydgoszcz";34,90;34,90;34,88;34,88;34,86;34,86;34,86;34,60;34,60;34,60;34,60;34,6;34,6;34,6;34,6;34,6;26,0;
0462000;"Powiat m.Grudziądz";21,96;21,96;21,96;21,96;22,33;22,33;22,33;22,33;22,33;22,87;22,87;22,9;22,9;22,9;22,9;22,9;21,3;
0463000;"Powiat m.Toruń";6,23;6,23;6,17;6,17;6,17;6,17;6,17;6,11;6,14;6,14;6,14;6,1;6,1;6,1;6,1;6,0;7,7;
0464000;"Powiat m.Włocławek";0,81;0,81;0,84;0,84;0,84;0,84;0,84;0,74;0,62;0,62;0,62;0,6;0,6;0,6;0,6;0,6;0,8;
0600000;"LUBELSKIE";22,69;22,78;22,79;22,77;22,71;22,71;22,71;22,68;22,69;22,69;22,70;22,7;22,7;22,7;22,8;22,7;22,7;
0601000;"Powiat bialski";9,05;9,01;9,01;9,00;9,00;9,00;9,00;8,99;8,99;8,99;8,99;9,0;9,0;9,0;9,0;9,0;9,0;
0602000;"Powiat biłgorajski";10,97;10,97;10,97;10,97;10,95;10,95;10,95;10,94;10,94;10,94;10,94;10,9;10,9;10,9;10,9;10,3;10,3;
0603000;"Powiat chełmski";41,77;43,11;43,16;43,06;39,75;39,75;39,75;39,75;39,75;39,75;39,76;39,8;39,9;39,9;39,9;39,8;38,3;
0604000;"Powiat hrubieszowski";19,52;19,52;19,52;19,52;19,54;19,54;19,54;19,54;19,54;19,54;19,54;19,5;19,5;19,5;19,5;19,5;19,5;
0605000;"Powiat janowski";62,95;62,95;62,95;62,95;62,96;62,96;62,96;62,96;62,96;62,96;62,96;63,0;63,0;63,0;63,0;63,0;63,0;
0606000;"Powiat krasnostawski";22,32;22,32;22,32;22,32;24,60;24,60;24,60;24,61;24,61;24,61;24,61;24,6;24,6;24,6;24,6;24,6;22,7;
0607000;"Powiat kraśnicki";23,62;23,56;23,56;23,56;23,56;23,56;23,56;23,56;23,56;23,56;23,70;23,7;23,7;23,7;23,7;23,7;23,5;
0608000;"Powiat lubartowski";25,17;25,17;27,54;25,17;25,20;25,20;25,20;24,91;24,91;24,91;24,91;24,9;24,9;24,9;25,0;25,0;25,0;
0609000;"Powiat lubelski";18,23;18,23;16,41;18,23;18,23;18,23;18,23;18,23;18,23;18,23;18,23;18,2;18,2;18,6;18,5;18,5;18,5;
0610000;"Powiat łęczyński";30,24;30,24;30,24;30,24;30,10;30,10;30,10;29,97;30,10;30,10;30,10;30,0;30,0;29,9;29,8;29,8;29,8;
0611000;"Powiat łukowski";16,04;16,04;16,04;16,04;16,04;16,04;16,04;16,04;16,04;16,04;16,04;16,0;16,0;16,0;16,0;16,0;18,9;
0612000;"Powiat opolski";43,91;43,91;43,91;43,53;43,57;43,59;43,59;43,59;43,59;43,59;43,59;43,6;43,6;44,3;44,3;44,3;44,4;
0613000;"Powiat parczewski";16,43;16,43;16,43;16,43;16,44;16,44;16,44;16,43;16,43;16,43;16,43;16,4;16,4;16,4;16,4;16,4;16,4;
0614000;"Powiat puławski";33,81;33,81;33,81;33,85;33,84;33,82;33,82;33,82;33,84;33,84;33,84;33,8;33,8;33,8;34,1;34,2;34,2;
0615000;"Powiat radzyński";0,82;0,85;0,85;0,88;0,88;0,88;0,88;0,87;0,87;0,87;0,87;0,9;0,9;0,9;0,9;0,9;0,9;
0616000;"Powiat rycki";11,76;11,76;11,76;11,77;11,79;11,79;11,79;11,79;11,79;11,79;11,79;11,8;11,8;11,8;11,8;11,8;11,8;
0617000;"Powiat świdnicki";14,86;14,86;14,86;14,86;14,88;14,88;14,88;14,88;15,08;15,08;15,08;15,1;15,1;15,1;15,2;15,2;15,2;
0618000;"Powiat tomaszowski";10,55;10,55;10,57;10,55;10,54;10,54;10,54;10,47;10,47;10,47;10,47;10,5;10,5;10,5;10,5;10,5;10,5;
0619000;"Powiat włodawski";40,69;40,69;40,69;40,70;40,69;40,69;40,69;40,69;40,69;40,69;40,69;40,7;40,7;40,7;40,7;40,7;40,8;
0620000;"Powiat zamojski";27,62;27,62;27,64;27,64;27,67;27,67;27,67;27,67;27,67;27,67;27,67;27,7;27,7;27,7;27,7;27,8;27,7;
0662000;"Powiat m.Chełm";0,03;0,03;0,03;0,03;0,03;0,03;0,03;0,03;0,03;0,03;0,03;0,0;0,0;0,0;0,0;0,0;0,0;
0663000;"Powiat m.Lublin";17,15;17,15;17,15;17,15;17,16;17,16;17,16;17,16;17,16;17,16;17,16;17,2;17,2;17,2;17,2;17,2;17,2;
0800000;"LUBUSKIE";37,45;39,25;39,26;39,28;39,16;39,16;38,81;38,86;38,88;38,92;38,85;38,8;39,0;38,8;38,1;38,6;38,4;
0801000;"Powiat gorzowski";45,01;56,80;56,80;56,91;55,57;55,52;55,53;55,53;55,54;55,39;55,33;55,3;56,6;56,4;56,6;56,2;55,3;
0802000;"Powiat krośnieński";43,12;27,17;27,17;27,18;27,16;27,16;27,16;27,23;27,23;27,30;27,27;27,3;27,3;27,0;26,5;25,8;25,7;
0803000;"Powiat międzyrzecki";45,55;35,00;35,10;35,09;35,10;35,10;31,60;31,56;31,56;31,56;31,57;31,6;31,6;31,5;31,0;35,0;34,8;
0804000;"Powiat nowosolski";21,07;22,29;22,31;22,31;22,30;22,31;22,31;22,31;22,31;22,31;22,31;22,3;22,3;21,6;21,4;21,4;21,4;
0805000;"Powiat słubicki";45,85;39,67;39,70;39,70;39,71;39,71;39,71;39,49;39,75;39,75;39,72;39,7;39,7;39,6;38,9;38,6;38,6;
0806000;"Powiat strzelecko-drezdenecki";46,72;72,69;72,69;72,79;72,77;72,80;72,79;72,69;72,70;72,80;72,81;72,8;72,8;72,8;72,8;75,6;74,8;
0807000;"Powiat sulęciński";54,69;51,94;51,94;51,94;51,99;51,80;51,77;51,79;51,85;52,48;52,42;52,4;52,4;52,4;51,5;51,5;51,1;
0808000;"Powiat świebodziński";23,00;33,18;33,18;33,18;33,17;33,17;33,17;33,14;33,17;32,84;32,89;32,9;32,9;32,9;32,3;32,4;32,4;
0809000;"Powiat zielonogórski";33,65;29,44;29,44;29,44;29,45;29,46;29,46;29,45;29,45;29,45;29,54;29,5;29,6;28,6;24,9;24,7;24,6;
0810000;"Powiat żagański";9,83;25,90;25,90;25,90;25,86;26,02;26,02;26,07;26,07;26,07;26,07;26,1;26,1;26,5;26,4;26,4;26,3;
0811000;"Powiat żarski";40,53;44,72;44,73;44,73;44,76;44,76;44,76;44,78;44,78;44,79;44,74;44,6;44,6;44,6;44,7;45,7;45,7;
0812000;"Powiat wschowski";30,13;24,87;24,88;24,88;24,90;24,90;24,90;26,33;26,33;26,33;24,90;24,9;24,9;24,9;22,5;22,5;22,2;
0861000;"Powiat m.Gorzów Wielkopolski";6,11;6,79;6,79;6,83;5,15;5,15;5,15;5,15;5,15;5,14;5,14;5,1;5,1;5,1;5,1;5,1;4,9;
0862000;"Powiat m.Zielona Góra";0,00;0,00;0,00;0,00;0,00;0,00;0,00;0,00;0,00;0,00;0,00;0,0;0,4;23,8;22,6;20,2;20,2;
1000000;"ŁÓDZKIE";16,37;16,36;16,36;16,40;16,41;18,81;18,81;18,83;19,59;19,60;19,61;19,6;19,6;19,6;19,7;19,7;19,5;
1001000;"Powiat bełchatowski";0,57;0,57;0,57;0,57;0,57;23,73;23,73;23,78;27,80;27,80;27,99;28,0;28,0;28,0;28,0;28,0;23,5;
1002000;"Powiat kutnowski";5,24;5,22;5,22;5,22;5,21;5,21;5,21;5,21;5,32;5,32;5,32;5,3;5,3;5,3;5,3;5,3;5,2;
1003000;"Powiat łaski";35,28;35,28;35,28;34,69;34,64;41,04;41,04;41,04;41,04;41,04;41,04;41,8;41,8;41,8;42,4;42,4;36,0;
1004000;"Powiat łęczycki";13,85;13,85;13,85;13,85;13,87;13,87;13,87;13,87;10,93;10,93;10,93;10,9;10,9;10,9;10,9;10,9;13,7;
1005000;"Powiat łowicki";22,02;22,02;22,02;22,02;22,00;22,00;22,00;22,00;20,48;20,48;20,48;20,5;20,5;20,5;20,5;20,5;23,1;
1006000;"Powiat łódzki wschodni";10,72;10,72;10,72;10,72;11,02;11,03;11,03;11,01;10,72;10,72;10,72;10,7;10,7;10,7;10,7;10,8;6,8;
1007000;"Powiat opoczyński";14,44;14,44;14,44;14,44;14,42;14,42;14,42;14,41;20,14;20,14;20,14;20,1;20,1;20,1;20,1;20,1;15,3;
1008000;"Powiat pabianicki";18,27;18,27;18,20;18,20;18,15;18,15;18,15;18,15;18,15;18,15;18,15;18,2;18,2;18,2;18,2;18,2;15,7;
1009000;"Powiat pajęczański";5,41;5,41;5,41;5,41;5,41;5,41;5,41;5,41;5,41;5,79;5,79;5,8;5,8;5,8;5,8;5,8;5,5;
1010000;"Powiat piotrkowski";7,72;7,61;7,61;7,91;7,91;9,80;9,80;9,80;12,90;12,90;12,91;12,9;12,9;12,9;12,9;12,9;15,2;
1011000;"Powiat poddębicki";24,06;24,06;24,14;24,14;24,14;24,14;24,14;24,16;24,16;24,16;24,16;24,2;24,2;24,2;24,2;24,2;22,5;
1012000;"Powiat radomszczański";4,16;4,16;4,16;4,17;4,17;13,58;13,58;13,60;19,46;19,46;19,46;19,4;19,4;19,4;19,4;19,4;38,1;
1013000;"Powiat rawski";20,47;20,47;20,47;20,47;20,48;20,49;20,49;20,49;26,06;26,06;26,06;26,1;26,1;26,1;26,1;26,1;16,8;
1014000;"Powiat sieradzki";24,13;24,13;24,13;24,61;24,62;24,62;24,62;24,62;24,62;24,62;24,62;24,6;24,6;24,6;24,6;24,6;23,2;
1015000;"Powiat skierniewicki";23,71;23,71;23,71;23,71;23,73;23,74;23,74;23,73;25,11;25,11;25,16;25,2;25,2;25,2;25,2;25,2;31,9;
1016000;"Powiat tomaszowski";10,48;10,48;10,48;10,40;10,49;11,38;11,38;11,38;11,42;11,42;11,42;11,4;11,4;11,4;11,4;11,4;11,9;
1017000;"Powiat wieluński";19,74;19,74;19,74;19,74;19,77;19,77;19,77;19,77;19,77;19,77;19,77;19,8;19,8;19,8;19,8;20,7;22,4;
1018000;"Powiat wieruszowski";39,66;39,66;39,66;39,66;39,59;39,59;39,59;39,60;39,60;39,61;39,61;39,6;39,6;39,6;39,6;38,4;21,6;
1019000;"Powiat zduńskowolski";7,25;7,25;7,27;7,25;7,28;7,28;7,28;7,28;7,27;7,27;7,27;7,3;7,3;7,3;7,3;7,3;7,4;
1020000;"Powiat zgierski";26,77;26,77;26,77;26,77;26,72;26,72;26,72;26,72;14,44;14,44;14,44;14,4;14,4;14,4;14,4;14,4;3,2;
1021000;"Powiat brzeziński";54,73;54,73;54,73;54,73;54,72;54,72;54,72;54,72;54,62;54,62;54,62;54,6;54,6;54,6;54,6;54,6;57,1;
1061000;"Powiat m.Łódź";5,73;5,73;5,73;5,73;5,75;5,75;5,76;6,75;9,40;9,40;9,39;9,4;9,4;9,4;9,4;9,4;9,6;
1062000;"Powiat m.Piotrków Trybunalski";14,29;14,29;14,29;14,82;14,82;14,82;14,82;14,82;14,82;14,82;14,82;14,8;14,8;14,8;14,8;14,8;13,8;
1063000;"Powiat m.Skierniewice";0,17;0,17;0,17;0,17;0,17;0,17;0,17;0,17;0,17;0,17;0,17;0,2;0,2;0,2;0,2;0,2;3,1;
1200000;"MAŁOPOLSKIE";58,13;58,35;58,89;58,88;52,05;52,05;52,06;52,06;52,05;52,06;52,09;52,1;52,1;53,0;53,0;53,0;53,0;
1201000;"Powiat bocheński";56,66;56,66;55,14;55,14;55,90;55,90;55,90;55,90;55,90;55,90;55,83;55,8;55,8;63,6;63,6;63,6;63,6;
1202000;"Powiat brzeski";69,95;69,95;69,95;69,95;74,70;74,70;74,70;74,70;74,70;74,70;75,92;75,9;75,9;75,9;76,1;77,9;77,8;
1203000;"Powiat chrzanowski";43,56;43,60;22,86;22,86;23,89;22,85;22,85;22,85;22,85;22,85;22,85;22,9;22,9;22,9;22,9;23,1;23,1;
1204000;"Powiat dąbrowski";8,88;8,83;8,83;8,83;9,23;9,96;9,96;9,96;9,96;9,96;11,00;11,0;11,0;11,0;11,0;11,0;11,0;
1205000;"Powiat gorlicki";78,80;78,80;83,94;83,94;61,07;61,07;61,07;61,07;60,97;60,97;61,67;61,7;61,7;61,7;61,7;61,7;61,7;
1206000;"Powiat krakowski";29,82;29,82;30,85;30,84;30,80;30,80;30,80;30,84;30,84;30,84;30,84;30,8;30,8;30,8;30,8;30,8;30,9;
1207000;"Powiat limanowski";94,13;94,13;100,00;100,00;65,11;65,11;65,11;65,11;65,11;65,11;68,48;68,5;68,5;68,5;68,5;68,5;68,5;
1208000;"Powiat miechowski";86,23;86,23;86,31;86,31;86,39;86,40;86,40;86,40;86,40;86,40;86,37;86,4;86,4;86,4;86,4;86,4;86,4;
1209000;"Powiat myślenicki";14,45;14,45;14,45;14,45;11,57;11,57;11,57;11,57;11,57;11,57;11,59;11,6;11,6;11,6;11,6;11,6;11,6;
1210000;"Powiat nowosądecki";100,00;100,00;100,00;99,92;81,35;81,35;81,35;81,35;81,35;81,35;81,54;81,5;81,5;81,5;81,5;80,9;80,9;
1211000;"Powiat nowotarski";86,75;86,75;99,99;99,98;93,05;93,05;93,05;93,05;93,05;93,07;88,49;88,5;88,5;88,5;88,5;88,5;88,5;
1212000;"Powiat olkuski";58,33;58,33;32,72;32,72;32,94;32,94;32,94;32,94;32,94;32,94;32,94;32,9;32,9;32,9;32,9;32,9;33,0;
1213000;"Powiat oświęcimski";0,59;0,59;0,59;0,59;0,59;0,59;0,59;0,59;0,59;0,59;0,59;0,6;0,6;0,6;0,6;0,6;0,6;
1214000;"Powiat proszowicki";15,47;15,47;15,47;15,47;15,90;15,90;15,90;15,90;15,90;15,90;15,92;15,9;15,9;15,9;15,9;15,9;15,9;
1215000;"Powiat suski";34,50;34,50;34,51;34,51;27,80;27,80;27,80;27,80;27,80;27,80;28,91;28,9;28,9;41,7;41,7;41,7;41,8;
1216000;"Powiat tarnowski";71,29;72,99;72,99;72,99;74,32;74,32;74,32;74,33;74,33;74,37;75,10;75,0;75,0;75,0;74,9;74,9;74,9;
1217000;"Powiat tatrzański";100,00;100,00;100,00;100,00;92,67;92,74;92,74;92,74;92,74;92,74;92,89;92,9;92,9;92,9;92,9;92,9;92,9;
1218000;"Powiat wadowicki";11,74;11,74;11,74;11,74;11,52;11,52;11,52;11,51;11,51;11,51;11,51;11,5;11,5;11,5;11,5;11,5;11,4;
1219000;"Powiat wielicki";0,51;0,51;0,38;0,42;0,42;0,42;0,42;0,34;0,34;0,34;0,34;0,3;0,3;0,3;0,3;0,3;0,3;
1261000;"Powiat m.Kraków";13,27;13,45;14,97;14,97;14,80;14,81;14,86;14,86;14,91;14,91;14,91;14,9;14,9;14,9;14,9;14,9;15,0;
1262000;"Powiat m.Nowy Sącz";100,00;100,00;100,00;100,00;6,34;6,34;6,34;6,34;6,34;6,34;7,12;7,1;7,1;7,1;7,1;7,1;7,1;
1263000;"Powiat m.Tarnów";0,13;0,13;0,13;0,13;1,00;1,00;1,00;1,00;1,00;1,00;0,13;0,1;0,1;0,1;0,1;0,1;0,1;
1400000;"MAZOWIECKIE";29,60;29,60;29,64;29,63;29,63;29,63;29,64;29,67;29,68;29,68;29,68;29,7;29,7;29,7;29,7;29,7;29,7;
1401000;"Powiat białobrzeski";54,78;54,78;54,78;54,78;54,81;54,81;54,80;54,80;54,80;54,81;54,81;54,8;54,8;54,8;54,8;54,8;54,6;
1402000;"Powiat ciechanowski";37,39;37,39;37,39;37,39;37,49;37,49;37,49;37,49;37,49;37,49;37,49;37,5;37,5;37,5;37,5;37,5;37,5;
1403000;"Powiat garwoliński";36,77;36,77;36,77;36,77;36,77;36,76;36,75;36,76;36,75;36,75;36,76;36,8;36,8;36,8;36,8;36,8;36,8;
1404000;"Powiat gostyniński";42,91;42,91;42,91;42,86;42,91;42,91;42,90;42,90;42,90;43,13;43,13;43,1;43,1;43,1;43,1;43,1;43,1;
1405000;"Powiat grodziski";42,30;42,24;39,94;23,59;23,58;23,58;23,52;23,52;23,48;23,64;23,64;23,6;23,6;23,6;23,6;23,6;23,6;
1406000;"Powiat grójecki";24,80;22,94;22,94;22,94;22,96;22,96;22,96;22,96;22,96;22,96;22,96;23,0;23,0;23,0;23,0;23,0;22,9;
1407000;"Powiat kozienicki";11,38;11,38;11,19;11,38;11,41;11,41;11,42;11,43;11,60;11,88;11,88;11,9;11,9;11,9;11,9;11,9;11,9;
1408000;"Powiat legionowski";72,14;72,14;72,14;72,13;72,20;72,04;72,04;72,04;72,05;72,05;72,05;72,1;72,0;72,0;72,0;72,0;72,0;
1409000;"Powiat lipski";21,33;21,33;21,33;20,58;20,59;20,59;20,59;20,59;20,59;20,59;20,59;20,6;20,6;20,6;20,6;20,6;20,6;
1410000;"Powiat łosicki";20,11;20,11;20,11;23,53;23,50;23,49;23,49;23,50;23,49;23,51;23,51;23,5;23,5;23,5;23,5;23,5;23,5;
1411000;"Powiat makowski";0,97;0,97;0,97;0,97;0,97;0,97;0,97;0,97;0,97;0,97;0,97;1,0;1,0;1,0;1,0;1,0;1,0;
1412000;"Powiat miński";29,43;29,43;29,43;29,51;29,52;29,52;29,54;29,83;29,58;29,58;29,59;29,6;29,6;29,6;29,6;29,6;29,6;
1413000;"Powiat mławski";50,64;50,64;50,15;50,22;50,23;50,23;50,23;50,24;50,24;50,24;50,24;50,2;50,2;50,2;50,2;50,2;50,2;
1414000;"Powiat nowodworski";61,04;61,04;61,03;61,03;60,76;60,76;60,76;60,76;60,79;60,79;60,79;60,8;60,8;60,8;60,8;60,8;60,8;
1415000;"Powiat ostrołęcki";0,45;0,45;0,45;0,45;0,45;0,45;0,45;0,45;0,45;0,45;0,45;0,4;0,4;0,4;0,4;0,4;0,5;
1416000;"Powiat ostrowski";1,05;1,05;1,06;1,06;1,06;1,06;1,06;1,06;1,06;1,06;1,06;1,1;1,1;1,1;1,1;1,1;1,1;
1417000;"Powiat otwocki";78,15;78,15;78,17;78,09;77,89;77,92;77,94;78,00;78,02;78,03;78,05;78,0;78,0;78,0;78,0;78,0;78,0;
1418000;"Powiat piaseczyński";54,08;52,48;52,48;52,48;52,48;52,48;52,48;52,48;52,48;52,48;52,48;52,5;52,5;52,5;52,5;52,5;52,5;
1419000;"Powiat płocki";33,56;33,56;33,56;33,53;33,58;33,58;33,58;33,57;33,60;33,60;33,60;33,6;33,6;33,6;33,7;33,7;33,8;
1420000;"Powiat płoński";33,88;33,88;35,56;35,56;35,66;35,66;35,66;35,66;35,66;35,66;35,66;35,7;35,7;35,7;35,7;35,7;35,7;
1421000;"Powiat pruszkowski";34,78;34,78;34,78;34,78;34,78;34,78;34,88;34,88;34,91;34,78;34,96;35,0;35,0;35,0;37,2;37,2;37,2;
1422000;"Powiat przasnyski";3,22;3,22;3,22;3,22;3,22;3,22;3,22;3,22;3,22;3,22;3,22;3,2;3,2;3,2;3,2;3,2;3,2;
1423000;"Powiat przysuski";41,27;41,27;41,27;39,92;39,89;39,89;40,14;40,14;40,13;39,89;39,89;39,9;39,9;39,9;39,9;39,9;41,1;
1424000;"Powiat pułtuski";16,85;16,85;16,85;16,85;16,85;16,88;16,88;16,88;16,88;16,88;16,88;16,9;16,9;16,9;16,9;16,9;16,9;
1425000;"Powiat radomski";21,68;21,68;21,68;21,65;21,65;21,65;21,62;21,62;21,68;21,67;21,67;21,7;21,7;21,7;21,7;21,7;21,7;
1426000;"Powiat siedlecki";24,31;24,31;24,31;24,31;24,31;24,31;24,46;24,46;24,57;24,47;24,47;24,5;24,5;24,5;24,5;24,5;24,3;
1427000;"Powiat sierpecki";49,95;49,98;49,98;49,98;50,03;50,03;50,03;50,03;50,03;50,03;50,03;50,0;50,0;50,0;50,0;50,0;50,0;
1428000;"Powiat sochaczewski";35,62;35,63;35,65;34,49;34,33;34,33;34,31;34,31;34,31;34,31;34,31;34,3;34,3;34,3;34,4;34,4;34,5;
1429000;"Powiat sokołowski";40,93;40,94;40,90;40,93;40,94;40,94;40,94;40,94;40,94;40,94;40,94;40,9;40,9;40,9;40,9;40,9;40,8;
1430000;"Powiat szydłowiecki";39,65;39,65;41,12;39,02;39,05;39,05;39,05;39,05;38,98;39,41;39,41;39,4;39,4;39,4;39,4;39,4;39,4;
1432000;"Powiat warszawski zachodni";47,55;47,55;46,85;46,78;46,67;46,67;46,71;46,71;46,71;46,72;46,72;46,7;46,7;46,7;46,7;46,7;46,7;
1433000;"Powiat węgrowski";37,96;37,96;37,95;37,95;37,86;37,86;37,86;37,99;37,99;37,99;37,99;38,0;38,0;38,0;38,0;38,0;37,5;
1434000;"Powiat wołomiński";20,68;20,68;20,68;20,63;20,67;20,67;20,82;20,93;20,93;20,82;20,82;20,8;20,8;20,8;20,8;20,8;20,8;
1435000;"Powiat wyszkowski";0,10;0,10;0,10;0,10;0,10;0,10;0,10;0,10;0,10;0,10;0,10;0,1;0,1;0,1;0,1;0,1;0,1;
1436000;"Powiat zwoleński";10,94;10,94;10,98;11,06;11,02;11,02;11,02;11,02;11,02;11,02;11,02;11,0;11,0;11,0;11,0;11,0;11,0;
1437000;"Powiat żuromiński";74,08;74,08;74,08;74,08;73,93;73,93;73,93;73,93;73,93;73,93;73,93;73,9;73,9;73,9;73,9;73,9;73,9;
1438000;"Powiat żyrardowski";48,87;48,87;48,89;60,92;60,92;60,92;60,76;60,76;60,77;60,76;60,76;60,8;60,8;60,8;60,8;60,8;60,8;
1462000;"Powiat m.Płock";22,68;22,68;22,68;22,68;22,69;22,69;22,69;22,69;22,69;22,69;22,69;22,7;22,7;22,7;22,7;23,5;23,5;
1463000;"Powiat m.Radom";0,06;0,06;0,06;0,06;0,06;0,06;0,06;2,26;2,26;2,26;2,26;2,3;2,3;2,3;2,3;2,3;2,3;
1464000;"Powiat m.Siedlce";13,18;13,18;13,45;13,45;13,45;13,45;13,45;13,45;13,45;13,45;13,45;13,5;13,5;13,5;13,5;13,5;16,8;
1465000;"Powiat m. st. Warszawa";23,62;23,62;23,49;23,27;23,26;23,26;23,26;23,26;23,58;23,61;23,61;23,6;23,6;23,6;23,6;23,6;23,6;
1600000;"OPOLSKIE";27,10;27,10;27,14;27,14;27,14;27,18;27,21;27,31;27,23;27,23;27,23;27,2;27,2;27,2;27,7;27,6;27,6;
1601000;"Powiat brzeski";15,77;15,77;16,60;16,60;16,61;16,61;16,88;16,88;16,15;16,15;16,15;16,2;16,2;16,2;15,6;15,5;15,1;
1602000;"Powiat głubczycki";12,50;12,50;12,50;12,50;12,51;12,51;12,51;12,51;12,51;12,51;12,51;12,5;12,5;12,5;14,3;14,3;14,3;
1603000;"Powiat kędzierzyńsko-kozielski";7,42;7,42;7,45;7,45;7,45;7,45;7,45;7,45;7,45;7,45;7,45;7,5;7,5;7,5;7,0;7,0;7,0;
1604000;"Powiat kluczborski";36,27;36,27;36,31;36,31;36,30;36,30;36,31;36,30;36,30;36,30;36,30;36,3;36,3;36,3;33,6;33,6;33,6;
1605000;"Powiat krapkowicki";21,21;21,21;21,21;21,21;21,23;21,23;21,23;21,23;21,23;21,23;21,23;21,2;21,2;21,2;16,1;16,1;16,0;
1606000;"Powiat namysłowski";46,64;46,64;46,64;46,64;46,61;46,61;46,61;46,61;46,61;46,61;46,61;46,6;46,6;46,6;46,2;46,2;46,2;
1607000;"Powiat nyski";18,84;18,84;18,83;18,83;18,83;18,83;18,83;18,83;18,83;18,83;18,83;18,8;18,8;18,8;19,2;19,2;19,2;
1608000;"Powiat oleski";8,95;8,95;8,61;8,63;8,63;8,99;8,99;8,99;8,99;8,99;8,99;9,0;9,0;9,0;10,3;10,3;10,3;
1609000;"Powiat opolski";55,55;55,55;55,55;55,56;55,57;55,57;55,57;55,76;55,64;55,64;55,64;55,6;55,6;55,6;56,8;58,8;58,8;
1610000;"Powiat prudnicki";2,90;2,90;2,90;2,90;2,90;2,90;2,90;2,90;2,90;2,90;2,90;2,9;2,9;2,9;8,3;8,3;8,3;
1611000;"Powiat strzelecki";42,30;42,30;42,17;42,17;42,18;42,18;42,18;43,13;43,13;43,13;43,13;43,1;43,1;43,1;45,9;45,0;45,1;
1661000;"Powiat m.Opole";0,00;0,00;0,00;0,00;0,00;0,00;0,00;0,07;0,30;0,30;0,30;0,3;0,3;0,3;0,3;0,2;0,2;
1800000;"PODKARPACKIE";47,67;47,45;47,54;47,72;44,50;44,50;44,51;44,53;44,70;44,70;44,70;44,9;44,9;44,9;44,9;44,9;44,9;
1801000;"Powiat bieszczadzki";98,36;98,55;99,98;100,00;99,92;99,92;99,92;100,16;102,49;102,49;102,49;100,0;100,0;100,0;100,0;100,0;100,0;
1802000;"Powiat brzozowski";47,54;47,54;47,54;48,59;48,71;48,70;48,70;48,70;48,70;48,70;48,70;48,0;48,0;48,0;48,0;48,0;48,0;
1803000;"Powiat dębicki";67,16;67,16;67,16;65,91;5,49;5,49;5,49;5,49;5,49;5,49;5,49;4,9;4,9;4,9;4,9;4,9;4,9;
1804000;"Powiat jarosławski";25,21;25,21;25,21;25,21;23,95;23,95;23,96;23,96;23,96;23,96;23,96;23,1;23,1;23,1;23,1;23,1;23,2;
1805000;"Powiat jasielski";37,37;31,30;31,40;36,35;36,33;36,33;36,33;36,32;36,43;36,43;36,43;37,3;37,3;37,3;37,3;37,3;37,3;
1806000;"Powiat kolbuszowski";48,13;48,02;48,02;49,40;49,42;49,42;49,42;49,44;49,45;49,45;49,45;49,3;49,3;49,3;49,3;49,3;49,3;
1807000;"Powiat krośnieński";69,18;69,19;69,19;64,01;63,87;63,87;63,74;63,75;63,77;63,77;63,77;63,4;63,4;64,0;64,0;66,4;66,4;
1808000;"Powiat leżajski";44,62;44,69;44,69;42,18;42,09;42,09;42,09;42,08;42,08;42,12;42,10;44,0;44,0;44,0;44,0;44,0;44,0;
1809000;"Powiat lubaczowski";47,84;47,85;47,86;47,93;47,94;47,92;47,92;47,91;47,91;47,91;47,91;47,7;47,8;47,8;47,8;47,8;47,8;
1810000;"Powiat łańcucki";24,22;24,22;24,22;20,93;20,94;20,94;20,94;21,11;21,11;21,11;21,11;19,3;19,3;19,3;19,3;19,3;19,3;
1811000;"Powiat mielecki";23,29;23,27;23,27;23,48;13,20;13,20;13,20;13,21;13,21;13,21;13,21;13,2;13,2;13,2;13,2;13,2;13,2;
1812000;"Powiat niżański";0,02;0,02;0,02;0,02;0,02;0,02;0,02;0,02;0,02;0,02;0,02;0,0;0,0;0,0;0,0;0,0;0,0;
1813000;"Powiat przemyski";70,75;70,88;70,88;70,73;70,73;70,73;70,74;70,74;70,68;70,68;70,68;70,7;70,7;70,7;70,7;70,7;70,7;
1814000;"Powiat przeworski";45,09;45,09;45,09;45,09;45,16;45,16;45,15;45,15;45,15;45,12;45,12;45,0;45,0;45,0;45,0;45,0;45,0;
1815000;"Powiat ropczycko-sędziszowski";31,83;31,83;31,83;33,28;33,32;33,32;33,32;33,31;33,31;33,31;33,31;32,9;32,9;32,9;32,9;32,9;32,9;
1816000;"Powiat rzeszowski";33,50;33,48;33,48;36,32;36,72;37,00;37,45;37,64;38,25;38,25;38,25;39,4;39,4;39,4;39,4;39,5;39,5;
1817000;"Powiat sanocki";81,10;81,10;81,19;81,75;81,84;81,84;81,85;81,85;81,85;81,85;81,85;82,5;82,5;82,5;82,5;81,4;81,4;
1818000;"Powiat stalowowolski";4,89;4,89;4,89;4,90;4,91;4,91;5,22;5,20;5,20;5,20;5,20;11,7;11,7;11,7;11,7;11,7;11,7;
1819000;"Powiat strzyżowski";44,82;44,82;44,82;46,05;46,04;46,04;46,04;46,04;46,04;46,04;46,04;46,5;46,5;46,5;46,5;46,5;46,5;
1821000;"Powiat leski";97,95;97,95;97,70;98,19;98,18;98,18;98,16;98,18;98,43;98,43;98,43;98,2;98,2;98,2;98,2;98,2;98,2;
1861000;"Powiat m.Krosno";0,00;0,00;0,18;0,15;0,13;0,13;0,13;0,13;0,13;0,13;0,13;0,1;0,1;0,1;0,1;0,1;0,1;
1862000;"Powiat m.Przemyśl";0,05;0,05;0,05;0,05;0,05;0,05;0,05;0,05;5,22;5,26;5,26;5,3;5,3;5,3;5,3;5,3;5,3;
1863000;"Powiat m.Rzeszów";0,15;0,15;0,15;0,15;0,12;0,10;0,09;0,08;0,07;0,07;0,07;0,1;0,1;0,1;0,1;0,1;0,1;
2000000;"PODLASKIE";31,93;31,95;31,92;31,95;31,95;31,96;31,96;31,97;31,98;31,98;32,00;32,0;32,0;31,8;31,6;31,6;31,6;
2001000;"Powiat augustowski";66,83;66,83;66,81;66,82;66,78;66,78;66,78;66,78;66,83;66,87;66,87;66,9;66,9;64,1;64,1;64,1;64,1;
2002000;"Powiat białostocki";33,61;33,61;33,61;33,83;33,92;33,92;33,92;33,92;33,92;33,92;33,97;34,0;34,0;34,0;34,0;34,0;34,0;
2003000;"Powiat bielski";3,04;3,04;3,04;3,04;3,04;3,04;3,04;3,04;3,04;3,04;3,04;3,0;3,0;3,0;3,0;3,0;3,0;
2004000;"Powiat grajewski";19,46;19,46;19,46;19,53;19,52;19,52;19,52;19,52;19,52;19,52;19,52;19,5;19,5;18,4;18,4;18,4;18,4;
2005000;"Powiat hajnowski";58,52;58,76;58,53;58,53;58,53;58,53;58,53;58,77;58,77;58,77;58,77;58,8;58,8;58,8;57,4;57,4;57,4;
2006000;"Powiat kolneński";22,43;22,43;22,43;22,43;22,42;22,42;22,42;22,42;22,42;22,42;22,42;22,4;22,4;22,4;22,4;22,4;22,4;
2007000;"Powiat łomżyński";25,95;25,96;25,96;25,96;25,95;25,95;25,96;25,96;25,96;25,96;26,03;26,0;26,0;26,0;26,0;26,0;26,0;
2008000;"Powiat moniecki";31,74;31,74;31,74;31,74;31,75;31,75;31,75;31,75;31,75;31,75;31,75;31,8;31,8;31,7;31,6;31,6;31,6;
2009000;"Powiat sejneński";60,78;60,78;60,83;60,83;60,89;60,89;60,89;60,88;60,87;60,86;60,86;60,9;60,9;59,1;59,1;59,1;59,1;
2010000;"Powiat siemiatycki";21,42;21,42;21,42;21,42;21,42;21,47;21,47;21,47;21,48;21,48;21,47;21,5;21,5;21,5;21,4;21,4;21,4;
2011000;"Powiat sokólski";25,88;25,88;25,88;25,88;25,87;25,88;25,88;25,88;25,88;25,88;25,92;25,9;25,9;25,9;24,9;24,9;24,9;
2012000;"Powiat suwalski";56,19;56,19;56,12;56,12;56,13;56,13;56,13;56,13;56,13;56,14;56,15;56,2;56,2;59,5;59,5;59,5;59,5;
2013000;"Powiat wysokomazowiecki";2,44;2,44;2,42;2,42;2,42;2,42;2,42;2,42;2,43;2,43;2,43;2,4;1,8;1,8;2,5;2,5;2,5;
2014000;"Powiat zambrowski";0,38;0,38;0,38;0,38;0,38;0,38;0,38;0,38;0,38;0,38;0,38;0,4;0,4;0,4;0,4;0,4;0,4;
2061000;"Powiat m.Białystok";1,11;1,11;1,11;1,11;1,02;1,02;1,02;1,02;1,02;1,02;1,02;1,0;1,0;1,0;1,0;1,0;1,0;
2062000;"Powiat m.Łomża";20,65;20,65;20,65;20,65;20,68;20,68;20,68;20,68;20,68;20,68;20,68;20,7;20,7;20,7;21,4;21,4;21,4;
2063000;"Powiat m.Suwałki";14,72;14,72;14,66;14,66;14,66;14,66;14,66;14,66;14,66;14,66;14,66;14,7;14,7;17,7;17,7;17,7;17,7;
2200000;"POMORSKIE";32,49;32,57;32,63;32,59;32,48;32,55;32,62;32,67;32,66;32,67;32,67;32,7;32,7;32,7;32,7;32,6;32,9;
2201000;"Powiat bytowski";21,49;21,49;21,51;21,51;20,79;20,79;20,79;20,82;20,82;20,82;20,82;20,8;20,8;20,8;20,8;20,8;20,8;
2202000;"Powiat chojnicki";58,82;58,83;58,83;58,69;58,70;58,70;58,69;58,76;58,76;58,78;58,78;58,8;58,8;58,8;58,8;58,8;58,8;
2203000;"Powiat człuchowski";10,59;10,59;10,59;10,59;10,59;10,59;10,59;10,59;10,59;10,60;10,60;10,6;10,6;10,6;10,6;10,6;10,6;
2204000;"Powiat gdański";48,99;48,99;48,99;48,99;48,95;48,95;48,95;48,96;48,96;48,96;48,96;49,0;49,0;49,0;49,0;49,0;51,6;
2205000;"Powiat kartuski";48,71;48,71;48,71;48,71;48,69;48,69;48,69;49,28;49,23;49,23;49,23;49,2;49,3;49,2;49,2;48,7;50,5;
2206000;"Powiat kościerski";57,02;57,02;57,02;56,43;56,44;54,82;54,82;54,87;54,87;54,87;54,87;54,9;54,9;54,9;54,9;54,9;55,1;
2207000;"Powiat kwidzyński";31,00;31,01;31,01;31,01;31,00;31,00;31,00;31,00;31,00;31,00;31,00;31,0;31,0;31,0;31,0;31,0;31,0;
2208000;"Powiat lęborski";27,25;27,30;27,34;27,34;27,70;27,71;27,71;27,71;27,71;27,71;27,71;27,7;27,8;27,8;27,8;27,8;27,7;
2209000;"Powiat malborski";8,25;8,25;8,25;8,25;8,26;8,26;8,26;8,26;8,26;8,26;8,26;8,3;8,3;8,3;8,3;8,3;8,3;
2210000;"Powiat nowodworski";25,80;25,80;25,80;25,80;25,08;25,08;25,08;25,08;25,08;25,08;25,08;25,1;25,1;25,1;25,1;25,1;25,0;
2211000;"Powiat pucki";45,18;44,96;44,96;44,96;44,99;44,99;45,49;45,49;45,92;45,92;45,92;45,4;45,4;45,4;45,4;45,4;44,7;
2212000;"Powiat słupski";20,10;20,75;21,16;21,16;21,17;22,51;22,76;22,69;22,69;22,71;22,71;22,7;22,8;22,8;22,8;22,8;22,9;
2213000;"Powiat starogardzki";42,41;42,41;42,41;42,41;42,41;42,42;42,43;42,44;42,44;42,44;42,44;42,4;42,4;42,4;42,4;42,4;42,5;
2214000;"Powiat tczewski";12,64;12,64;12,66;12,66;12,67;12,70;12,70;12,70;12,70;12,70;12,70;12,7;12,7;12,7;12,7;12,7;12,7;
2215000;"Powiat wejherowski";45,81;45,92;45,92;45,95;45,95;45,95;45,95;45,96;45,77;45,77;45,77;45,8;45,8;45,8;45,8;45,8;45,8;
2216000;"Powiat sztumski";22,38;22,38;22,38;22,38;22,39;22,39;22,39;22,40;22,40;22,40;22,40;22,4;22,4;22,4;22,4;22,4;22,4;
2261000;"Powiat m.Gdańsk";22,92;22,92;22,92;22,92;22,62;22,99;24,74;24,72;24,70;24,99;24,99;25,0;25,0;25,0;25,0;25,0;25,0;
2262000;"Powiat m.Gdynia";32,02;32,02;32,02;32,02;32,10;32,10;32,10;32,26;32,26;32,26;32,26;32,3;32,3;32,3;32,3;32,3;32,3;
2264000;"Powiat m.Sopot";40,72;40,72;40,72;40,72;40,63;40,65;40,65;40,79;40,79;40,84;40,84;40,8;40,8;40,8;40,8;40,8;40,9;
2400000;"ŚLĄSKIE";21,92;21,92;21,99;22,00;22,00;22,09;22,11;22,12;22,15;22,15;22,18;22,2;22,2;22,2;22,0;22,0;22,0;
2401000;"Powiat będziński";2,17;2,17;2,17;2,17;2,19;2,19;2,19;2,19;2,19;2,19;2,19;2,2;2,2;2,2;2,2;2,2;2,2;
2402000;"Powiat bielski";23,92;23,92;23,92;23,92;23,85;23,85;23,85;23,85;24,29;24,29;24,29;24,3;24,3;24,3;24,3;24,3;24,3;
2403000;"Powiat cieszyński";31,93;31,98;31,99;31,99;31,99;33,14;33,15;33,15;33,15;33,16;33,16;33,2;33,2;33,2;33,2;33,2;33,3;
2404000;"Powiat częstochowski";22,95;22,89;22,89;22,89;22,85;22,65;22,37;22,37;22,37;22,42;22,42;22,4;22,4;22,4;22,4;22,4;22,4;
2405000;"Powiat gliwicki";13,71;13,72;13,72;13,72;13,70;13,70;13,73;13,73;13,73;13,73;13,73;13,7;13,7;13,7;11,0;11,0;11,0;
2406000;"Powiat kłobucki";5,94;5,94;5,94;5,94;5,95;5,95;7,64;7,64;7,64;7,64;7,64;7,6;7,6;7,6;7,7;7,7;7,7;
2407000;"Powiat lubliniecki";35,60;35,60;35,68;35,68;35,67;35,67;34,40;34,40;34,40;34,40;34,50;34,5;34,5;34,5;34,5;34,5;34,5;
2408000;"Powiat mikołowski";12,89;13,36;13,36;13,39;13,31;13,31;13,31;13,24;13,77;13,77;13,76;13,8;13,8;13,8;11,2;11,1;11,2;
2409000;"Powiat myszkowski";35,69;35,70;35,72;35,72;35,67;35,64;35,64;35,64;35,64;35,64;35,64;35,6;35,6;35,7;35,7;35,7;35,7;
2410000;"Powiat pszczyński";2,03;2,03;2,24;2,24;2,25;2,25;2,25;2,25;2,25;2,25;2,25;2,3;2,3;2,3;2,2;2,2;2,2;
2411000;"Powiat raciborski";36,17;36,17;36,46;36,44;36,46;36,48;36,48;36,48;36,48;36,48;36,48;36,5;36,5;36,5;36,1;36,1;36,1;
2412000;"Powiat rybnicki";58,21;58,21;58,21;58,21;58,47;58,47;58,47;58,47;58,47;58,47;58,47;58,5;58,5;58,5;56,8;56,8;56,8;
2413000;"Powiat tarnogórski";0,76;0,76;0,78;0,78;0,82;0,84;0,84;0,82;0,86;0,86;0,86;0,9;0,9;0,9;0,9;0,9;0,9;
2414000;"Powiat bieruńsko-lędziński";0,00;0,00;0,27;0,27;0,27;0,27;0,27;0,27;0,27;0,27;0,27;0,3;0,3;0,3;0,3;0,3;0,3;
2415000;"Powiat wodzisławski";2,23;2,23;2,22;2,22;2,22;2,22;2,24;2,24;2,24;2,24;2,24;2,2;2,2;2,2;2,2;2,2;2,2;
2416000;"Powiat zawierciański";32,62;32,62;32,62;32,71;32,74;33,38;33,38;33,39;33,39;33,39;33,41;33,4;33,4;33,4;33,4;33,4;33,4;
2417000;"Powiat żywiecki";52,10;52,10;52,10;52,10;52,10;52,10;52,11;52,11;52,15;52,11;52,11;52,1;52,1;52,1;52,1;52,1;52,1;
2461000;"Powiat m.Bielsko-Biała";35,84;35,84;40,58;40,58;41,04;41,04;41,04;41,04;41,04;40,73;40,73;41,0;41,0;41,0;24,8;24,8;24,8;
2462000;"Powiat m.Bytom";1,08;1,08;1,08;1,08;1,04;1,04;1,04;1,33;1,33;1,33;5,73;5,7;5,7;5,7;5,7;5,7;5,7;
2463000;"Powiat m.Chorzów";7,35;7,35;7,10;7,10;7,17;7,17;7,17;8,51;8,51;8,51;8,51;8,5;8,5;8,5;8,5;7,4;7,5;
2464000;"Powiat m.Częstochowa";6,29;6,29;6,29;6,29;6,29;6,34;6,34;6,34;6,34;6,34;6,34;6,3;6,3;6,3;6,3;6,3;6,3;
2465000;"Powiat m.Dąbrowa Górnicza";19,51;19,51;19,52;19,52;19,42;19,31;19,41;19,41;19,41;19,41;19,41;19,4;19,4;19,4;19,3;19,4;19,3;
2466000;"Powiat m.Gliwice";0,00;0,00;0,00;0,00;0,00;0,00;0,42;0,42;0,42;0,42;0,42;0,4;0,4;0,4;0,4;0,4;0,4;
2468000;"Powiat m.Jaworzno";2,39;2,39;2,39;2,43;2,42;2,42;2,49;2,49;2,49;2,49;2,49;2,7;2,7;3,2;5,1;5,1;5,1;
2469000;"Powiat m.Katowice";2,49;2,49;1,41;1,41;1,41;1,41;1,41;1,41;1,41;1,41;1,41;1,4;1,4;1,4;1,4;1,4;1,4;
2471000;"Powiat m.Piekary Śląskie";0,00;0,00;0,00;0,00;0,00;0,00;0,00;0,00;0,00;0,16;0,16;0,2;0,2;0,2;0,2;0,2;0,2;
2473000;"Powiat m.Rybnik";30,16;30,16;30,09;30,09;30,07;30,07;30,07;30,33;30,33;30,33;30,33;30,3;30,3;30,3;44,6;44,6;44,6;
2474000;"Powiat m.Siemianowice Śląskie";4,11;4,11;4,11;4,11;4,05;4,04;4,04;5,53;5,53;5,53;5,53;5,5;5,5;5,5;5,5;4,0;4,0;
2475000;"Powiat m.Sosnowiec";0,42;0,42;0,42;0,42;0,42;0,42;0,42;0,42;0,42;0,42;0,42;0,4;0,4;0,4;0,4;0,4;0,4;
2476000;"Powiat m.Świętochłowice";0,00;0,06;1,35;1,35;1,34;1,34;1,34;2,35;2,49;2,49;2,49;2,5;2,5;2,5;2,5;2,5;2,5;
2477000;"Powiat m.Tychy";0,00;0,23;0,24;0,24;0,24;0,24;0,24;0,24;0,24;0,24;0,23;0,2;0,2;0,2;0,2;0,2;0,2;
2479000;"Powiat m.Żory";0,00;0,00;0,00;0,00;0,00;0,00;0,11;0,11;0,11;0,11;0,11;0,1;0,1;0,1;14,1;14,1;14,1;
2600000;"ŚWIĘTOKRZYSKIE";62,03;62,03;61,94;61,95;62,62;63,03;63,94;64,55;64,54;64,53;64,53;64,9;65,1;65,0;64,6;65,0;65,0;
2601000;"Powiat buski";92,62;92,62;92,62;92,62;92,56;92,56;92,56;92,55;92,55;92,55;92,55;94,8;96,5;96,5;96,5;96,5;96,5;
2602000;"Powiat jędrzejowski";67,62;67,62;67,66;67,69;67,70;67,70;67,70;67,70;67,70;67,70;67,70;66,3;66,2;66,2;66,2;66,2;66,2;
2603000;"Powiat kazimierski";17,74;17,74;17,73;17,74;17,75;17,75;17,75;17,75;17,75;17,75;17,75;18,3;19,1;19,1;19,1;19,1;19,1;
2604000;"Powiat kielecki";83,73;83,73;83,73;83,73;83,78;85,91;90,35;93,30;93,30;93,30;93,30;93,0;93,2;93,2;91,0;93,0;93,0;
2605000;"Powiat konecki";67,12;67,12;67,12;67,12;71,01;71,02;71,02;71,29;71,29;71,19;71,19;71,4;71,3;71,3;71,3;71,6;71,4;
2606000;"Powiat opatowski";14,38;14,38;14,38;14,38;14,39;14,39;14,40;14,48;14,41;14,41;14,40;14,5;14,5;14,5;14,5;14,5;14,5;
2607000;"Powiat ostrowiecki";73,32;73,32;73,32;73,32;73,27;73,27;73,27;73,27;73,27;73,27;73,27;73,4;73,4;73,4;73,4;73,4;73,4;
2608000;"Powiat pińczowski";97,93;97,93;97,93;97,93;97,64;97,64;97,64;97,63;97,47;97,47;97,47;99,8;98,6;98,6;98,6;98,6;98,6;
2609000;"Powiat sandomierski";6,01;6,03;6,03;6,02;6,02;6,02;7,02;7,02;7,02;7,02;7,02;7,4;7,4;7,4;7,4;7,4;7,4;
2610000;"Powiat skarżyski";79,39;79,39;75,98;75,98;75,88;75,85;75,86;75,86;75,85;75,85;75,85;72,7;73,3;73,3;73,3;73,3;73,3;
2611000;"Powiat starachowicki";89,60;89,60;89,58;89,62;89,59;89,59;89,59;89,64;89,60;89,60;89,60;91,0;90,6;90,6;90,6;90,6;90,6;
2612000;"Powiat staszowski";35,69;35,69;35,69;35,69;35,69;35,69;35,69;35,69;35,66;35,66;35,66;38,6;38,6;38,6;38,6;38,6;38,6;
2613000;"Powiat włoszczowski";46,32;46,32;46,32;46,32;46,25;46,25;46,25;46,23;46,24;46,24;46,24;48,0;47,9;47,9;47,9;47,9;47,9;
2661000;"Powiat m.Kielce";39,59;39,59;39,59;39,59;71,89;71,89;71,90;74,29;74,27;74,27;74,27;63,9;63,9;62,0;62,0;62,0;62,0;
2800000;"WARMIŃSKO-MAZURSKIE";53,61;46,09;46,25;46,25;46,27;46,29;46,31;46,47;46,59;46,72;46,72;46,7;46,7;46,7;46,7;46,7;46,7;
2801000;"Powiat bartoszycki";23,07;20,03;19,67;19,67;19,69;19,69;19,69;19,69;19,69;19,69;19,69;19,7;19,7;19,7;19,7;20,0;19,0;
2802000;"Powiat braniewski";39,18;30,41;30,21;30,21;30,29;30,29;30,28;30,28;30,29;30,29;30,29;30,3;30,3;30,3;30,3;30,7;31,0;
2803000;"Powiat działdowski";39,44;36,92;37,31;37,31;37,38;37,38;37,66;38,22;38,21;38,21;38,21;38,2;38,2;38,2;38,2;38,3;38,7;
2804000;"Powiat elbląski";43,87;41,20;41,13;41,13;40,82;40,82;40,82;40,77;40,77;40,77;40,77;40,8;40,8;40,8;41,0;41,2;39,9;
2805000;"Powiat ełcki";59,72;49,67;49,62;49,62;49,58;50,17;50,17;50,26;50,25;50,26;50,26;50,3;50,3;50,3;50,3;50,3;49,5;
2806000;"Powiat giżycki";68,52;64,05;63,85;63,85;63,80;63,80;63,80;65,79;66,57;69,16;69,18;69,2;69,2;69,2;69,2;69,2;70,9;
2807000;"Powiat iławski";41,23;43,28;43,27;43,27;43,09;42,92;42,92;42,92;42,92;42,91;42,91;42,9;42,9;42,9;42,9;43,1;45,1;
2808000;"Powiat kętrzyński";28,97;21,75;21,66;21,66;21,66;21,66;21,66;21,81;21,81;21,81;21,81;21,8;21,8;21,8;22,0;22,0;21,8;
2809000;"Powiat lidzbarski";37,09;24,37;24,24;24,24;24,22;24,22;24,22;24,22;24,22;24,22;24,22;24,2;24,2;24,2;24,2;24,2;25,2;
2810000;"Powiat mrągowski";74,53;61,86;60,27;60,27;60,28;60,28;60,28;60,28;60,55;60,55;60,55;60,5;60,5;60,5;60,5;61,0;63,1;
2811000;"Powiat nidzicki";66,47;57,88;57,88;57,88;57,88;57,88;57,88;57,88;57,89;57,89;57,89;57,9;57,9;57,9;57,9;57,8;55,0;
2812000;"Powiat nowomiejski";52,26;35,45;34,83;34,83;34,89;34,89;34,89;35,24;35,26;35,26;35,26;35,3;35,3;35,3;35,3;35,3;37,2;
2813000;"Powiat olecki";57,22;40,15;40,03;40,03;40,03;40,03;40,03;40,03;40,03;40,03;40,03;40,0;40,0;40,0;40,0;40,1;45,5;
2814000;"Powiat olsztyński";71,70;52,82;54,00;54,00;54,04;54,04;54,04;54,17;54,33;54,34;54,33;54,3;54,3;54,3;53,9;52,8;53,5;
2815000;"Powiat ostródzki";61,51;56,09;56,07;56,07;55,80;55,80;55,80;56,00;56,00;56,01;56,01;56,0;56,0;56,0;56,0;56,3;51,5;
2816000;"Powiat piski";62,23;58,10;57,80;57,80;57,85;57,85;57,96;57,96;58,00;58,00;58,00;58,0;58,0;58,0;58,0;58,0;57,3;
2817000;"Powiat szczycieński";52,14;41,58;44,25;44,25;44,24;44,24;44,24;44,25;44,25;44,25;44,25;44,2;44,2;44,2;44,3;44,9;45,0;
2818000;"Powiat gołdapski";63,15;79,47;78,49;78,49;78,49;78,49;78,49;78,49;78,50;78,50;78,50;78,5;78,5;78,5;78,5;78,5;78,2;
2819000;"Powiat węgorzewski";64,74;64,28;63,74;63,74;63,76;63,76;63,76;63,76;65,32;65,81;65,81;65,8;65,8;65,8;66,6;66,6;62,9;
2861000;"Powiat m.Elbląg";39,22;28,22;28,22;28,22;44,78;44,78;44,78;44,78;44,78;44,78;44,78;44,8;44,8;44,8;44,8;44,8;57,3;
2862000;"Powiat m.Olsztyn";0,17;5,71;5,71;5,71;5,68;5,68;5,68;5,68;5,68;5,68;5,68;5,7;5,7;5,7;5,7;5,7;5,8;
3000000;"WIELKOPOLSKIE";31,12;31,17;30,98;31,01;31,40;31,55;31,57;31,79;31,80;31,80;31,79;31,6;31,6;31,7;31,6;31,6;31,6;
3001000;"Powiat chodzieski";30,51;30,51;30,51;30,51;30,31;31,59;31,59;31,53;31,52;31,52;31,52;30,1;30,1;30,1;30,1;30,1;30,1;
3002000;"Powiat czarnkowsko-trzcianecki";44,14;44,14;44,14;44,14;43,81;43,88;43,88;45,33;45,33;45,33;45,32;45,1;45,1;45,1;45,1;45,1;45,1;
3003000;"Powiat gnieźnieński";12,80;12,85;12,85;12,85;12,82;12,78;12,78;12,75;12,75;12,75;12,72;12,8;12,8;12,8;12,8;12,7;13,0;
3004000;"Powiat gostyński";19,06;19,06;19,06;19,06;18,60;18,60;18,60;18,60;18,60;18,60;18,60;18,6;18,6;18,6;18,6;18,6;18,6;
3005000;"Powiat grodziski";0,13;0,13;0,13;0,13;0,14;0,14;0,14;0,14;0,14;0,14;0,14;0,1;0,1;0,1;0,1;0,1;0,1;
3006000;"Powiat jarociński";20,59;20,59;20,59;20,59;20,30;20,30;20,30;19,34;19,34;19,34;19,34;19,1;19,1;19,1;19,1;19,1;19,1;
3007000;"Powiat kaliski";24,55;24,55;24,53;24,53;24,53;24,53;24,53;24,53;24,53;24,53;24,53;24,5;24,5;24,5;24,5;24,5;24,5;
3008000;"Powiat kępiński";15,68;15,89;15,89;15,89;15,89;15,68;15,68;15,57;15,57;15,57;15,78;15,8;15,8;15,8;15,8;15,8;15,6;
3009000;"Powiat kolski";24,55;24,50;24,50;24,50;24,50;24,45;24,52;24,33;24,33;24,33;24,33;24,3;24,3;24,3;24,3;24,3;24,3;
3010000;"Powiat koniński";37,21;37,18;37,18;37,18;37,18;38,18;38,18;40,79;40,79;40,79;40,79;40,7;40,7;40,7;40,7;40,7;40,7;
3011000;"Powiat kościański";47,44;47,44;47,37;47,37;47,79;47,79;47,79;43,81;43,81;43,81;43,81;43,9;43,8;43,8;44,0;43,9;43,9;
3012000;"Powiat krotoszyński";45,30;45,30;45,30;45,30;45,39;45,33;45,03;45,03;45,03;45,03;45,03;45,0;45,0;45,0;45,0;45,0;45,0;
3013000;"Powiat leszczyński";47,63;47,63;47,53;47,53;47,70;47,71;47,71;51,97;51,97;51,97;51,97;52,0;52,0;52,0;51,8;51,4;51,4;
3014000;"Powiat międzychodzki";67,55;67,55;67,47;67,47;67,62;67,79;67,79;67,52;67,52;67,52;67,52;67,5;67,5;67,5;67,5;67,5;67,5;
3015000;"Powiat nowotomyski";9,39;10,52;10,46;10,50;15,18;14,21;14,22;13,92;13,92;13,92;13,92;13,9;14,0;14,0;14,0;13,8;13,8;
3016000;"Powiat obornicki";15,37;15,37;15,35;15,35;15,39;15,43;15,43;14,15;14,15;14,15;14,15;14,2;14,2;14,2;14,2;14,2;14,2;
3017000;"Powiat ostrowski";62,40;62,40;62,40;62,40;62,17;62,13;62,13;69,49;69,49;69,49;69,49;69,5;69,5;69,5;69,5;69,5;69,5;
3018000;"Powiat ostrzeszowski";83,03;83,03;83,04;83,04;82,77;82,77;82,77;84,32;84,32;84,32;84,32;84,3;84,3;84,3;84,3;84,3;84,3;
3019000;"Powiat pilski";41,89;41,89;41,88;41,88;41,84;44,91;44,98;44,34;44,47;44,47;44,47;42,5;42,5;42,5;42,5;42,5;42,5;
3020000;"Powiat pleszewski";9,90;9,90;9,89;9,89;9,87;9,87;9,87;9,87;9,88;9,88;9,88;9,9;9,9;9,9;9,9;9,9;9,9;
3021000;"Powiat poznański";25,93;25,93;27,45;27,85;27,83;27,63;27,73;25,16;25,10;25,05;24,88;25,4;25,4;25,4;25,1;25,1;25,0;
3022000;"Powiat rawicki";0,33;0,33;0,33;0,33;0,01;0,01;0,01;1,69;1,69;1,69;1,69;1,7;1,7;1,7;1,7;1,7;1,7;
3023000;"Powiat słupecki";48,73;48,71;48,71;48,71;48,67;49,85;49,91;49,30;49,30;49,30;49,30;48,1;48,1;48,1;48,1;47,9;47,9;
3024000;"Powiat szamotulski";21,56;21,56;21,68;21,70;21,70;21,70;21,70;21,57;21,57;21,57;21,57;21,6;21,6;21,5;21,9;21,9;21,9;
3025000;"Powiat średzki";1,99;1,99;1,99;1,99;1,95;1,95;1,95;3,15;3,15;3,15;3,15;3,8;3,8;3,8;3,8;3,8;3,8;
3026000;"Powiat śremski";14,32;14,32;14,32;14,32;14,58;12,51;12,52;14,84;14,91;14,91;14,91;14,8;15,1;15,1;15,1;15,1;15,1;
3027000;"Powiat turecki";41,94;41,85;41,85;41,85;41,85;41,74;41,85;34,56;34,56;34,56;34,56;34,6;34,6;34,6;34,6;34,6;34,6;
3028000;"Powiat wągrowiecki";14,97;15,21;14,38;14,38;14,39;14,42;14,42;14,15;14,20;14,15;14,15;14,1;14,1;14,1;14,1;14,2;14,1;
3029000;"Powiat wolsztyński";52,31;52,31;52,29;52,29;64,22;63,97;64,08;64,33;64,33;64,33;64,34;64,3;64,3;64,3;64,3;63,8;63,8;
3030000;"Powiat wrzesiński";21,70;21,70;21,70;21,70;21,78;21,73;21,77;23,12;23,12;23,12;23,12;23,1;23,1;23,1;23,1;23,3;23,3;
3031000;"Powiat złotowski";32,24;32,24;32,24;32,24;32,25;32,25;32,26;32,32;32,32;32,32;32,36;31,7;31,7;31,7;31,7;31,7;31,7;
3061000;"Powiat m.Kalisz";0,07;0,07;0,07;0,07;0,07;0,07;0,07;0,07;0,07;0,07;0,07;0,1;0,1;0,1;0,1;0,1;0,1;
3062000;"Powiat m.Konin";3,06;3,06;3,06;3,06;3,04;3,04;3,04;15,71;15,71;15,71;15,71;15,7;15,7;15,7;15,7;15,7;15,7;
3064000;"Powiat m.Poznań";28,50;28,50;0,21;0,21;0,21;0,66;1,35;1,35;1,35;1,54;1,90;2,2;3,8;4,1;4,2;4,2;4,3;
3200000;"ZACHODNIOPOMORSKIE";20,49;20,50;20,69;20,80;21,34;21,51;21,48;21,06;21,07;21,07;21,08;21,7;21,6;21,6;21,9;21,8;21,8;
3201000;"Powiat białogardzki";0,26;0,26;0,26;0,27;0,27;0,27;0,27;0,27;0,27;0,27;0,27;0,3;0,3;0,3;0,3;0,3;0,3;
3202000;"Powiat choszczeński";52,60;52,60;52,60;52,60;52,61;54,43;54,44;54,43;54,43;54,43;54,43;54,6;54,7;54,7;54,6;54,6;54,6;
3203000;"Powiat drawski";43,15;43,15;43,33;43,33;43,33;43,33;43,33;43,33;43,33;43,33;43,37;48,3;46,9;46,9;46,9;47,0;47,0;
3204000;"Powiat goleniowski";0,97;0,97;1,35;1,35;8,44;8,45;8,59;3,46;3,50;3,50;3,53;3,6;3,6;3,6;8,8;8,8;7,2;
3205000;"Powiat gryficki";0,36;0,36;0,36;0,39;0,40;0,48;0,51;0,51;0,57;0,59;0,59;0,6;0,6;0,6;0,6;0,7;0,8;
3206000;"Powiat gryfiński";24,17;24,17;23,76;24,36;24,69;24,69;24,66;24,50;24,51;24,51;24,51;24,5;24,5;24,6;24,5;24,5;24,5;
3207000;"Powiat kamieński";9,55;9,55;9,83;9,83;9,86;9,86;7,19;7,46;7,61;7,61;7,61;7,6;7,7;7,7;7,7;7,4;7,4;
3208000;"Powiat kołobrzeski";6,74;6,74;6,74;6,74;6,76;6,89;6,89;6,89;6,89;6,89;6,89;6,9;6,9;6,9;6,4;6,4;6,4;
3209000;"Powiat koszaliński";19,78;19,82;19,82;20,13;20,18;20,18;20,17;20,17;20,36;20,36;20,36;20,4;20,4;20,4;20,4;20,5;20,9;
3210000;"Powiat myśliborski";43,61;43,80;43,67;43,52;43,50;44,06;44,06;44,06;44,06;44,06;44,06;43,7;43,7;43,7;43,6;43,6;43,6;
3211000;"Powiat policki";3,34;3,34;3,34;3,29;3,29;3,29;3,29;3,29;3,29;3,29;3,29;3,3;3,3;3,3;3,3;3,3;3,3;
3212000;"Powiat pyrzycki";0,06;0,06;0,06;0,06;0,06;0,06;0,07;0,05;0,05;0,05;0,05;0,1;0,1;0,1;0,1;0,1;0,1;
3213000;"Powiat sławieński";13,38;13,41;13,41;13,60;13,71;13,71;13,71;13,72;13,72;13,72;13,73;14,9;14,9;14,9;15,0;15,0;15,0;
3214000;"Powiat stargardzki";10,20;10,20;10,20;10,20;10,20;10,59;10,72;10,74;10,75;10,75;10,75;10,7;10,8;10,8;10,7;10,6;10,7;
3215000;"Powiat szczecinecki";26,02;26,02;27,89;28,06;28,13;28,13;28,65;28,53;28,53;28,53;28,53;30,4;29,9;29,9;28,9;28,9;28,9;
3216000;"Powiat świdwiński";14,09;14,09;14,08;14,08;14,08;14,08;14,08;14,08;14,08;14,08;14,08;15,0;15,2;15,1;15,2;15,2;15,2;
3217000;"Powiat wałecki";51,51;51,51;51,52;51,50;51,52;51,52;51,89;51,48;51,49;51,49;51,49;51,5;51,5;51,5;51,7;51,7;51,7;
3218000;"Powiat łobeski";2,74;2,74;2,75;2,80;2,80;2,80;2,80;2,86;2,86;2,86;2,86;2,9;2,9;2,9;2,8;2,8;2,8;
3261000;"Powiat m.Koszalin";44,63;44,63;44,63;44,61;44,56;44,56;44,57;44,57;37,76;37,76;37,76;37,8;37,8;37,8;37,4;37,5;37,5;
3262000;"Powiat m.Szczecin";5,72;5,58;5,58;5,58;5,59;5,71;5,72;5,72;5,72;5,72;5,72;5,7;5,7;5,7;5,7;5,7;5,7;
3263000;"Powiat m.Świnoujście";13,00;13,00;15,64;18,46;18,26;18,26;18,26;15,65;15,65;15,65;15,65;15,6;15,7;15,7;15,7;15,5;15,1;
